run,problem,combo,solved,end,reason,checks,first_green_check,turn_at_proof,cost_std_at_proof,cost_std_end,checks_after,turns_after,changed_after,last_green_check,highwater_verdict,highwater_reason,replay_verified
base-fatex87-0805,fatex_1,baseline,true,completed,,14,14,29,0.04746,0.04908,0,2,false,14,,,true
base-fatex87-0805,fatex_11,baseline,true,completed,,63,57,149,0.29757,0.33078,6,18,true,63,,,true
base-fatex87-0805,fatex_14,baseline,true,completed,,5,5,13,0.02698,0.02789,0,2,false,5,,,true
base-fatex87-0805,fatex_21,baseline,true,completed,,22,14,35,0.07991,0.09994,8,19,true,22,,,true
base-fatex87-0805,fatex_22,baseline,,,no_record,79,78,177,0.35882,0.3657,1,3,false,79,,,true
base-fatex87-0805,fatex_29,baseline,true,completed,,67,66,148,0.27857,0.28273,1,2,false,67,,,true
base-fatex87-0805,fatex_3,baseline,true,completed,,45,42,128,0.30593,0.32809,3,11,true,45,,,true
base-fatex87-0805,fatex_30,baseline,true,completed,,10,10,23,0.03377,0.03504,0,2,false,10,,,true
base-fatex87-0805,fatex_4,baseline,true,completed,,49,47,188,0.36259,0.37514,2,7,true,49,,,true
base-fatex87-0805,fatex_5,baseline,true,completed,,40,35,109,0.18163,0.2044,5,17,true,40,,,true
base-fatex87-0805,fatex_8,baseline,true,completed,,14,12,30,0.054,0.06629,2,9,true,14,,,true
base-fatex87-0805,fatex_9,baseline,true,completed,,42,40,87,0.16767,0.17686,2,7,true,42,,,true
ga-smoke-0731,fatem_100,lean-grep,true,completed,,5,4,22,0.00681,0.00758,1,4,true,5,,,true
ga-smoke-0731,fatem_108,lean-grep,true,completed,,1,1,6,0.001,0.00108,0,1,false,1,,,true
ga-smoke-0731,fatem_112,lean-grep,true,completed,,2,2,5,0.00194,0.00203,0,1,false,2,,,true
ga-smoke-0731,fatem_113,lean-grep,true,completed,,2,2,40,0.01732,0.01798,0,2,false,2,,,true
ga-smoke-0731,fatem_115,lean-grep,true,completed,,1,1,3,0.00043,0.00049,0,1,false,1,,,true
ga-smoke-0731,fatem_133,lean-grep,true,completed,,2,2,18,0.0066,0.00709,0,2,false,2,,,true
ga-smoke-0731,fatem_143,lean-grep,true,completed,,2,2,6,0.00157,0.00163,0,1,false,2,,,true
ga-smoke-0731,fatem_36,lean-grep,true,completed,,1,1,15,0.00781,0.008,0,1,false,1,,,true
ga-smoke-0731,fatem_48,lean-grep,true,completed,,1,1,3,0.00055,0.00062,0,1,false,1,,,true
ga-smoke-0731,fatem_53,lean-grep,true,completed,,5,4,76,0.04494,0.04671,1,3,false,5,,,true
ga-smoke-0731b,fatem_100,lean-grep,true,completed,,2,1,14,0.00379,0.00567,1,4,true,2,,,true
ga-smoke-0731b,fatem_108,lean-grep,true,completed,,1,1,6,0.00152,0.00161,0,1,false,1,,,true
ga-smoke-0731b,fatem_112,lean-grep,true,completed,,3,3,8,0.00507,0.00521,0,1,false,3,,,true
ga-smoke-0731b,fatem_113,lean-grep,true,completed,,3,3,27,0.01031,0.01082,0,2,false,3,,,true
ga-smoke-0731b,fatem_115,lean-grep,true,completed,,1,1,3,0.00038,0.00046,0,1,false,1,,,true
ga-smoke-0731b,fatem_133,lean-grep,true,completed,,4,4,30,0.01746,0.01823,0,2,false,4,,,true
ga-smoke-0731b,fatem_143,lean-grep,true,completed,,2,2,13,0.00315,0.00324,0,1,false,2,,,true
ga-smoke-0731b,fatem_36,lean-grep,true,completed,,3,3,18,0.00721,0.00768,0,2,false,3,,,true
ga-smoke-0731b,fatem_48,lean-grep,true,completed,,1,1,3,0.00052,0.00057,0,1,false,1,,,true
ga-smoke-0731b,fatem_53,lean-grep,true,completed,,2,2,23,0.01738,0.01828,0,2,false,2,,,true
ga-smoke-0731c,fatem_100,lean-grep,true,completed,,2,1,10,0.00267,0.00516,1,6,true,2,,,true
ga-smoke-0731c,fatem_108,lean-grep,true,completed,,2,2,7,0.00109,0.00115,0,1,false,2,,,true
ga-smoke-0731c,fatem_112,lean-grep,true,completed,,2,2,5,0.00273,0.00303,0,2,false,2,,,true
ga-smoke-0731c,fatem_113,lean-grep,true,completed,,3,3,21,0.01415,0.01475,0,2,false,3,,,true
ga-smoke-0731c,fatem_115,lean-grep,true,completed,,1,1,3,0.0006,0.00066,0,1,false,1,,,true
ga-smoke-0731c,fatem_133,lean-grep,true,completed,,3,3,18,0.00899,0.00952,0,2,false,3,,,true
ga-smoke-0731c,fatem_143,lean-grep,true,completed,,1,1,4,0.00129,0.00136,0,1,false,1,,,true
ga-smoke-0731c,fatem_36,lean-grep,true,completed,,1,1,8,0.00526,0.00557,0,2,false,1,,,true
ga-smoke-0731c,fatem_48,lean-grep,true,completed,,2,2,5,0.00077,0.00083,0,1,false,2,,,true
ga-smoke-0731c,fatem_53,lean-grep,true,completed,,11,3,52,0.0332,0.04659,8,24,true,11,,,true
grep-fatex87-0805,fatex_1,lean-grep,true,completed,,6,3,38,0.03848,0.04569,3,13,true,6,,,true
grep-fatex87-0805,fatex_10,lean-grep,true,completed,,66,65,303,0.50775,0.51481,1,3,false,66,,,true
grep-fatex87-0805,fatex_11,lean-grep,true,completed,,57,53,247,0.59348,0.62848,4,14,true,57,,,true
grep-fatex87-0805,fatex_12,lean-grep,true,completed,,66,65,252,0.36706,0.38103,1,7,true,66,,,true
grep-fatex87-0805,fatex_14,lean-grep,true,completed,,2,2,22,0.02775,0.02894,0,2,false,2,,,true
grep-fatex87-0805,fatex_16,lean-grep,true,completed,,78,75,267,0.40538,0.42201,3,8,true,78,,,true
grep-fatex87-0805,fatex_17,lean-grep,true,completed,,72,69,304,0.64974,0.65825,3,13,true,72,,,true
grep-fatex87-0805,fatex_19,lean-grep,false,completed,grader_error,138,131,495,0.93094,0.96358,7,18,true,138,,,true
grep-fatex87-0805,fatex_20,lean-grep,true,completed,,68,66,259,0.54341,0.55722,2,6,false,68,,,true
grep-fatex87-0805,fatex_21,lean-grep,true,completed,,3,3,40,0.05944,0.06104,0,2,false,3,,,true
grep-fatex87-0805,fatex_22,lean-grep,true,completed,,5,5,109,0.0851,0.0871,0,2,false,5,,,true
grep-fatex87-0805,fatex_24,lean-grep,true,completed,,65,62,346,0.54693,0.57414,3,12,true,65,,,true
grep-fatex87-0805,fatex_26,lean-grep,true,completed,,42,36,234,0.46821,0.51203,6,17,true,42,,,true
grep-fatex87-0805,fatex_27,lean-grep,true,completed,,22,19,130,0.19906,0.21146,3,8,true,22,,,true
grep-fatex87-0805,fatex_29,lean-grep,true,completed,,4,3,100,0.05012,0.05181,1,3,false,4,,,true
grep-fatex87-0805,fatex_3,lean-grep,true,completed,,13,12,82,0.10962,0.11559,1,5,true,13,,,true
grep-fatex87-0805,fatex_30,lean-grep,true,completed,,6,5,39,0.03136,0.03297,1,3,false,6,,,true
grep-fatex87-0805,fatex_36,lean-grep,true,completed,,41,37,194,0.28934,0.31329,4,15,true,41,,,true
grep-fatex87-0805,fatex_38,lean-grep,true,completed,,34,32,135,0.13689,0.14303,2,5,true,34,,,true
grep-fatex87-0805,fatex_39,lean-grep,true,completed,,20,19,109,0.13852,0.14217,1,3,false,20,,,true
grep-fatex87-0805,fatex_4,lean-grep,true,completed,,4,3,90,0.07195,0.07614,1,5,true,4,,,true
grep-fatex87-0805,fatex_40,lean-grep,true,completed,,10,9,145,0.1249,0.12902,1,4,true,10,,,true
grep-fatex87-0805,fatex_41,lean-grep,true,completed,,54,52,256,0.5212,0.5383,2,7,true,54,,,true
grep-fatex87-0805,fatex_42,lean-grep,true,completed,,94,90,275,0.43336,0.47242,4,20,true,94,,,true
grep-fatex87-0805,fatex_48,lean-grep,true,completed,,20,14,115,0.12553,0.14329,6,15,true,20,,,true
grep-fatex87-0805,fatex_49,lean-grep,true,completed,,6,5,42,0.03455,0.03629,1,3,false,6,,,true
grep-fatex87-0805,fatex_5,lean-grep,true,completed,,13,13,76,0.05759,0.05919,0,2,false,13,,,true
grep-fatex87-0805,fatex_51,lean-grep,true,completed,,7,6,70,0.05221,0.05434,1,3,false,7,,,true
grep-fatex87-0805,fatex_52,lean-grep,true,completed,,3,3,55,0.03915,0.04049,0,2,false,3,,,true
grep-fatex87-0805,fatex_53,lean-grep,true,completed,,110,105,385,0.74172,0.76505,5,20,true,110,,,true
grep-fatex87-0805,fatex_54,lean-grep,true,completed,,2,2,45,0.02357,0.02442,0,2,false,2,,,true
grep-fatex87-0805,fatex_55,lean-grep,true,completed,,12,10,89,0.11282,0.12084,2,7,true,12,,,true
grep-fatex87-0805,fatex_57,lean-grep,true,completed,,17,16,139,0.10346,0.1064,1,3,false,17,,,true
grep-fatex87-0805,fatex_58,lean-grep,true,completed,,106,103,350,0.68233,0.70319,3,8,true,106,,,true
grep-fatex87-0805,fatex_59,lean-grep,true,completed,,11,9,98,0.0868,0.09184,2,5,true,11,,,true
grep-fatex87-0805,fatex_6,lean-grep,true,completed,,13,6,96,0.13315,0.15839,7,21,true,13,,,true
grep-fatex87-0805,fatex_64,lean-grep,true,completed,,71,71,281,0.5953,0.59821,0,1,false,71,,,true
grep-fatex87-0805,fatex_66,lean-grep,true,completed,,76,73,345,0.88102,0.89262,3,14,true,76,,,true
grep-fatex87-0805,fatex_67,lean-grep,true,completed,,13,10,81,0.12695,0.13707,3,8,true,13,,,true
grep-fatex87-0805,fatex_68,lean-grep,true,completed,,17,16,126,0.21022,0.21591,1,3,false,17,,,true
grep-fatex87-0805,fatex_7,lean-grep,true,completed,,18,16,66,0.05538,0.05913,2,5,true,18,,,true
grep-fatex87-0805,fatex_76,lean-grep,true,completed,,18,14,99,0.12146,0.13429,4,10,true,18,,,true
grep-fatex87-0805,fatex_8,lean-grep,true,completed,,12,9,63,0.05679,0.06549,3,11,true,12,,,true
grep-fatex87-0805,fatex_83,lean-grep,true,completed,,52,51,247,0.34284,0.34835,1,3,false,52,,,true
grep-fatex87-0805,fatex_84,lean-grep,true,completed,,8,8,59,0.06694,0.06862,0,2,false,8,,,true
grep-fatex87-0805,fatex_89,lean-grep,true,completed,,15,11,110,0.14126,0.15653,4,13,true,15,,,true
grep-fatex87-0805,fatex_9,lean-grep,true,completed,,8,8,76,0.09613,0.09851,0,2,false,8,,,true
lean-grep-fateh50-0730,fateh_14,lean-grep,true,completed,,8,5,26,0.00529,0.00627,3,5,false,8,,,true
lean-grep-fateh50-0730,fateh_15,lean-grep,true,completed,,44,37,192,0.07296,0.09044,7,31,true,44,,,true
lean-grep-fateh50-0730,fateh_17,lean-grep,true,completed,,5,4,35,0.00774,0.00831,1,3,false,5,,,true
lean-grep-fateh50-0730,fateh_19,lean-grep,true,provider_error,,64,57,446,0.2127,0.2326,7,20,true,64,,,true
lean-grep-fateh50-0730,fateh_22,lean-grep,true,completed,,53,46,183,0.10465,0.12659,7,30,true,53,,,true
lean-grep-fateh50-0730,fateh_25,lean-grep,true,completed,,18,14,64,0.02582,0.03126,4,11,false,18,,,true
lean-grep-fateh50-0730,fateh_26,lean-grep,true,completed,,25,17,226,0.05859,0.07461,8,32,true,25,,,true
lean-grep-fateh50-0730,fateh_3,lean-grep,true,provider_error,,47,41,336,0.1918,0.21691,6,22,true,47,,,true
lean-grep-fateh50-0730,fateh_34,lean-grep,true,completed,,9,6,90,0.01968,0.02185,3,7,false,9,,,true
lean-grep-fateh50-0730,fateh_5,lean-grep,true,completed,,9,9,41,0.01344,0.01409,0,1,false,9,,,true
lean-grep-fateh50-0730,fateh_53,lean-grep,true,completed,,3,3,21,0.0041,0.00446,0,2,false,3,,,true
lean-grep-fateh50-0730,fateh_56,lean-grep,true,provider_error,,64,56,456,0.38282,0.41772,8,23,true,64,,,true
lean-grep-fateh50-0730,fateh_57,lean-grep,true,completed,,11,5,170,0.02829,0.03187,6,16,true,11,,,true
lean-grep-fateh50-0730,fateh_6,lean-grep,true,provider_error,,63,56,271,0.13433,0.15782,7,29,false,63,,,true
lean-grep-fateh50-0730,fateh_7,lean-grep,true,completed,,22,17,86,0.02116,0.02424,5,10,false,22,,,true
lean-grep-fateh50-0730,fateh_72,lean-grep,true,provider_error,,74,68,449,0.26097,0.28093,6,31,true,74,,,true
lean-grep-fateh50-0730,fateh_74,lean-grep,true,completed,,5,5,136,0.02139,0.02171,0,1,false,5,,,true
lean-grep-fateh50-0730,fateh_75,lean-grep,true,provider_error,,43,34,292,0.09234,0.10809,9,26,true,43,,,true
lean-grep-fateh50-0730,fateh_76,lean-grep,true,provider_error,,78,73,418,0.12983,0.14152,5,30,false,78,,,true
lean-grep-fateh50-0730,fateh_77,lean-grep,true,completed,,29,20,240,0.0675,0.0873,9,38,true,29,,,true
lean-grep-fateh50-0730,fateh_79,lean-grep,true,completed,,21,17,110,0.0389,0.04201,4,9,true,21,,,true
lean-grep-fateh50-0730,fateh_82,lean-grep,true,completed,,9,5,74,0.01444,0.0164,4,8,false,9,,,true
lean-grep-fateh50-0730,fateh_83,lean-grep,true,completed,,4,4,41,0.00549,0.00564,0,1,false,4,,,true
lean-grep-fateh50-0730,fateh_9,lean-grep,true,completed,,3,3,40,0.00527,0.00554,0,2,false,3,,,true
lean-grep-fateh50-0730,fateh_99,lean-grep,,,no_record,8,8,62,0.02025,0.02025,0,1,false,8,,,true
lean-grep-fateh50-0730b,fateh_14,lean-grep,true,completed,,4,3,35,0.00644,0.00764,1,3,false,4,,,true
lean-grep-fateh50-0730b,fateh_15,lean-grep,true,completed,,20,18,132,0.04032,0.0426,2,4,false,20,,,true
lean-grep-fateh50-0730b,fateh_17,lean-grep,true,completed,,7,4,80,0.01628,0.01766,3,6,true,7,,,true
lean-grep-fateh50-0730b,fateh_19,lean-grep,true,completed,,70,68,241,0.10671,0.10929,2,4,false,70,,,true
lean-grep-fateh50-0730b,fateh_22,lean-grep,true,completed,,124,123,357,0.26571,0.27015,1,3,false,124,,,true
lean-grep-fateh50-0730b,fateh_25,lean-grep,true,completed,,34,32,169,0.08627,0.08929,2,4,false,34,,,true
lean-grep-fateh50-0730b,fateh_26,lean-grep,true,completed,,10,9,97,0.02696,0.02817,1,3,false,10,,,true
lean-grep-fateh50-0730b,fateh_3,lean-grep,true,completed,,135,134,735,0.85231,0.85601,1,2,false,135,,,true
lean-grep-fateh50-0730b,fateh_30,lean-grep,true,completed,,184,181,768,0.81364,0.81963,3,11,true,184,,,true
lean-grep-fateh50-0730b,fateh_34,lean-grep,true,completed,,8,7,43,0.01077,0.01168,1,3,false,8,,,true
lean-grep-fateh50-0730b,fateh_37,lean-grep,true,completed,,74,73,497,0.58298,0.58889,1,3,false,74,,,true
lean-grep-fateh50-0730b,fateh_40,lean-grep,true,completed,,132,130,524,0.48416,0.49027,2,4,false,132,,,true
lean-grep-fateh50-0730b,fateh_5,lean-grep,true,completed,,15,14,41,0.02405,0.02513,1,3,false,15,,,true
lean-grep-fateh50-0730b,fateh_53,lean-grep,true,completed,,8,6,43,0.00755,0.00833,2,4,false,8,,,true
lean-grep-fateh50-0730b,fateh_57,lean-grep,true,completed,,7,4,36,0.0038,0.00491,3,8,true,7,,,true
lean-grep-fateh50-0730b,fateh_64,lean-grep,true,completed,,53,52,498,0.27441,0.27742,1,3,false,53,,,true
lean-grep-fateh50-0730b,fateh_7,lean-grep,true,completed,,17,15,68,0.02345,0.02472,2,4,false,17,,,true
lean-grep-fateh50-0730b,fateh_70,lean-grep,true,completed,,163,162,597,0.30448,0.30891,1,3,false,163,,,true
lean-grep-fateh50-0730b,fateh_72,lean-grep,true,completed,,71,69,282,0.14726,0.15112,2,5,true,71,,,true
lean-grep-fateh50-0730b,fateh_74,lean-grep,true,completed,,18,17,121,0.02042,0.02118,1,3,false,18,,,true
lean-grep-fateh50-0730b,fateh_75,lean-grep,true,completed,,57,55,304,0.09043,0.09255,2,4,false,57,,,true
lean-grep-fateh50-0730b,fateh_76,lean-grep,true,completed,,23,22,162,0.02548,0.02625,1,3,false,23,,,true
lean-grep-fateh50-0730b,fateh_77,lean-grep,true,completed,,15,13,168,0.03769,0.03934,2,4,false,15,,,true
lean-grep-fateh50-0730b,fateh_79,lean-grep,true,completed,,29,27,189,0.06898,0.07153,2,5,true,29,,,true
lean-grep-fateh50-0730b,fateh_82,lean-grep,true,completed,,11,9,82,0.01499,0.01605,2,4,false,11,,,true
lean-grep-fateh50-0730b,fateh_83,lean-grep,true,completed,,11,10,89,0.01129,0.01187,1,3,false,11,,,true
lean-grep-fateh50-0730b,fateh_86,lean-grep,true,completed,,28,27,171,0.09438,0.09569,1,2,false,28,,,true
lean-grep-fateh50-0730b,fateh_88,lean-grep,true,completed,,222,219,862,0.83659,0.84633,3,8,true,222,,,true
lean-grep-fateh50-0730b,fateh_9,lean-grep,true,completed,,17,14,131,0.02716,0.02869,3,5,false,17,,,true
lean-grep-fateh50-0730b,fateh_96,lean-grep,true,completed,,53,52,260,0.10063,0.10165,1,2,false,53,,,true
lean-grep-fateh50-0730b,fateh_99,lean-grep,true,completed,,15,14,62,0.01714,0.01798,1,3,false,15,,,true
lean-search-fateh100-0801,fateh_1,lean-search,true,completed,,3,3,15,0.00497,0.00534,0,2,false,3,,,true
lean-search-fateh100-0801,fateh_10,lean-search,true,completed,,16,16,34,0.0289,0.02972,0,2,false,16,,,true
lean-search-fateh100-0801,fateh_100,lean-search,true,completed,,4,4,33,0.03405,0.0352,0,2,false,4,,,true
lean-search-fateh100-0801,fateh_11,lean-search,true,completed,,5,5,17,0.00977,0.01032,0,2,false,5,,,true
lean-search-fateh100-0801,fateh_12,lean-search,true,completed,,12,11,31,0.03735,0.03906,1,3,false,12,,,true
lean-search-fateh100-0801,fateh_13,lean-search,true,completed,,14,12,48,0.05806,0.0631,2,6,false,14,,,true
lean-search-fateh100-0801,fateh_14,lean-search,true,completed,,4,1,6,0.00412,0.00601,3,9,true,4,,,true
lean-search-fateh100-0801,fateh_15,lean-search,true,completed,,11,10,29,0.01595,0.01724,1,3,false,11,,,true
lean-search-fateh100-0801,fateh_16,lean-search,true,completed,,57,54,144,0.24729,0.2606,3,8,true,57,,,true
lean-search-fateh100-0801,fateh_17,lean-search,true,completed,,1,1,7,0.00228,0.00238,0,1,false,1,,,true
lean-search-fateh100-0801,fateh_18,lean-search,true,completed,,15,14,31,0.04968,0.05194,1,3,false,15,,,true
lean-search-fateh100-0801,fateh_19,lean-search,true,completed,,12,11,26,0.01889,0.02191,1,4,true,12,,,true
lean-search-fateh100-0801,fateh_2,lean-search,true,completed,,6,6,35,0.04087,0.04249,0,2,false,6,,,true
lean-search-fateh100-0801,fateh_20,lean-search,true,completed,,4,3,23,0.02607,0.02778,1,4,true,4,,,true
lean-search-fateh100-0801,fateh_21,lean-search,true,completed,,24,24,56,0.09584,0.09823,0,2,false,24,,,true
lean-search-fateh100-0801,fateh_22,lean-search,true,completed,,9,6,29,0.04521,0.05558,3,10,true,9,,,true
lean-search-fateh100-0801,fateh_23,lean-search,true,completed,,26,24,84,0.14451,0.15368,2,6,false,26,,,true
lean-search-fateh100-0801,fateh_24,lean-search,true,completed,,3,3,16,0.00436,0.00474,0,2,false,3,,,true
lean-search-fateh100-0801,fateh_25,lean-search,true,completed,,13,12,32,0.03746,0.04063,1,6,false,13,,,true
lean-search-fateh100-0801,fateh_26,lean-search,true,completed,,7,5,18,0.0199,0.02253,2,7,true,7,,,true
lean-search-fateh100-0801,fateh_27,lean-search,true,completed,,8,6,18,0.02034,0.02331,2,6,true,8,,,true
lean-search-fateh100-0801,fateh_29,lean-search,true,completed,,22,20,80,0.07625,0.08364,2,8,true,22,,,true
lean-search-fateh100-0801,fateh_3,lean-search,true,completed,,10,8,40,0.03845,0.04108,2,5,true,10,,,true
lean-search-fateh100-0801,fateh_30,lean-search,true,completed,,20,17,60,0.0742,0.0805,3,8,true,20,,,true
lean-search-fateh100-0801,fateh_31,lean-search,true,completed,,66,60,193,0.30311,0.34668,6,22,true,66,,,true
lean-search-fateh100-0801,fateh_32,lean-search,false,completed,compile_error,73,70,231,0.4074,0.41727,3,15,true,73,,,true
lean-search-fateh100-0801,fateh_33,lean-search,true,completed,,12,12,51,0.03807,0.03941,0,2,false,12,,,true
lean-search-fateh100-0801,fateh_34,lean-search,true,completed,,4,4,14,0.0171,0.01799,0,2,false,4,,,true
lean-search-fateh100-0801,fateh_35,lean-search,true,completed,,83,77,190,0.39011,0.4251,6,19,true,83,,,true
lean-search-fateh100-0801,fateh_37,lean-search,true,completed,,19,18,71,0.13014,0.13471,1,3,false,19,,,true
lean-search-fateh100-0801,fateh_38,lean-search,true,completed,,19,18,61,0.07821,0.08136,1,3,false,19,,,true
lean-search-fateh100-0801,fateh_39,lean-search,true,completed,,11,9,64,0.12012,0.13031,2,8,true,11,,,true
lean-search-fateh100-0801,fateh_4,lean-search,true,completed,,7,7,37,0.04165,0.04334,0,2,false,7,,,true
lean-search-fateh100-0801,fateh_40,lean-search,true,completed,,19,18,71,0.06764,0.07018,1,3,false,19,,,true
lean-search-fateh100-0801,fateh_43,lean-search,true,completed,,11,10,39,0.03635,0.03897,1,5,false,11,,,true
lean-search-fateh100-0801,fateh_44,lean-search,true,completed,,30,28,103,0.12012,0.12632,2,6,true,30,,,true
lean-search-fateh100-0801,fateh_45,lean-search,true,completed,,17,13,101,0.15471,0.17037,4,11,true,17,,,true
lean-search-fateh100-0801,fateh_46,lean-search,true,completed,,6,5,37,0.02095,0.02242,1,4,true,6,,,true
lean-search-fateh100-0801,fateh_47,lean-search,true,completed,,7,6,28,0.02468,0.0259,1,3,false,7,,,true
lean-search-fateh100-0801,fateh_48,lean-search,true,completed,,49,43,131,0.21646,0.2453,6,18,true,49,,,true
lean-search-fateh100-0801,fateh_49,lean-search,,,no_record,108,107,267,0.30705,0.31343,1,4,false,108,,,true
lean-search-fateh100-0801,fateh_5,lean-search,true,completed,,2,2,8,0.00564,0.00609,0,2,false,2,,,true
lean-search-fateh100-0801,fateh_50,lean-search,true,completed,,3,3,32,0.01336,0.01397,0,2,false,3,,,true
lean-search-fateh100-0801,fateh_51,lean-search,true,completed,,15,14,49,0.07926,0.08327,1,3,false,15,,,true
lean-search-fateh100-0801,fateh_52,lean-search,true,completed,,41,34,142,0.15918,0.18595,7,20,true,41,,,true
lean-search-fateh100-0801,fateh_53,lean-search,true,completed,,1,1,6,0.00203,0.00216,0,1,false,1,,,true
lean-search-fateh100-0801,fateh_54,lean-search,true,completed,,20,13,82,0.08311,0.09756,7,17,true,20,,,true
lean-search-fateh100-0801,fateh_55,lean-search,true,completed,,45,42,121,0.16226,0.17708,3,11,true,45,,,true
lean-search-fateh100-0801,fateh_56,lean-search,true,completed,,3,2,26,0.01601,0.01783,1,5,false,3,,,true
lean-search-fateh100-0801,fateh_57,lean-search,true,completed,,6,6,35,0.0197,0.02045,0,2,false,6,,,true
lean-search-fateh100-0801,fateh_58,lean-search,true,completed,,14,10,41,0.0918,0.10491,4,11,true,14,,,true
lean-search-fateh100-0801,fateh_59,lean-search,true,completed,,63,60,163,0.19634,0.20931,3,8,true,63,,,true
lean-search-fateh100-0801,fateh_6,lean-search,true,completed,,15,15,62,0.08529,0.08752,0,2,false,15,,,true
lean-search-fateh100-0801,fateh_60,lean-search,true,completed,,31,30,107,0.14889,0.15272,1,3,false,31,,,true
lean-search-fateh100-0801,fateh_61,lean-search,true,completed,,7,6,29,0.04406,0.04615,1,3,false,7,,,true
lean-search-fateh100-0801,fateh_62,lean-search,true,completed,,11,11,59,0.07137,0.0735,0,2,false,11,,,true
lean-search-fateh100-0801,fateh_63,lean-search,true,completed,,18,17,75,0.11192,0.11576,1,3,false,18,,,true
lean-search-fateh100-0801,fateh_64,lean-search,true,completed,,13,11,37,0.05557,0.05955,2,5,true,13,,,true
lean-search-fateh100-0801,fateh_65,lean-search,true,completed,,21,18,71,0.08345,0.09091,3,7,false,21,,,true
lean-search-fateh100-0801,fateh_66,lean-search,true,completed,,11,10,32,0.04447,0.04646,1,3,false,11,,,true
lean-search-fateh100-0801,fateh_67,lean-search,true,completed,,17,16,68,0.04703,0.05023,1,5,false,17,,,true
lean-search-fateh100-0801,fateh_68,lean-search,true,completed,,9,8,26,0.04411,0.04736,1,4,true,9,,,true
lean-search-fateh100-0801,fateh_69,lean-search,true,completed,,13,11,41,0.04364,0.04774,2,6,false,13,,,true
lean-search-fateh100-0801,fateh_7,lean-search,true,completed,,3,2,8,0.00801,0.00891,1,4,true,3,,,true
lean-search-fateh100-0801,fateh_70,lean-search,true,completed,,9,7,34,0.0379,0.04143,2,6,false,9,,,true
lean-search-fateh100-0801,fateh_71,lean-search,true,completed,,9,9,26,0.02097,0.02177,0,2,false,9,,,true
lean-search-fateh100-0801,fateh_72,lean-search,true,completed,,21,18,66,0.06283,0.07025,3,9,true,21,,,true
lean-search-fateh100-0801,fateh_73,lean-search,true,completed,,1,1,6,0.00101,0.00109,0,1,false,1,,,true
lean-search-fateh100-0801,fateh_74,lean-search,true,completed,,3,2,9,0.00183,0.0023,1,5,true,3,,,true
lean-search-fateh100-0801,fateh_75,lean-search,true,completed,,9,9,40,0.01589,0.01654,0,2,false,9,,,true
lean-search-fateh100-0801,fateh_76,lean-search,true,completed,,4,4,15,0.00255,0.00276,0,2,false,4,,,true
lean-search-fateh100-0801,fateh_77,lean-search,true,completed,,4,3,15,0.00932,0.01032,1,3,false,4,,,true
lean-search-fateh100-0801,fateh_79,lean-search,true,completed,,5,4,15,0.00455,0.00508,1,4,true,5,,,true
lean-search-fateh100-0801,fateh_8,lean-search,true,completed,,6,6,35,0.0177,0.01861,0,2,false,6,,,true
lean-search-fateh100-0801,fateh_80,lean-search,true,completed,,5,5,21,0.00796,0.00844,0,2,false,5,,,true
lean-search-fateh100-0801,fateh_81,lean-search,true,completed,,12,11,77,0.20342,0.20934,1,3,false,12,,,true
lean-search-fateh100-0801,fateh_82,lean-search,true,completed,,6,6,21,0.00779,0.00821,0,2,false,6,,,true
lean-search-fateh100-0801,fateh_83,lean-search,true,completed,,2,2,11,0.00223,0.00244,0,2,false,2,,,true
lean-search-fateh100-0801,fateh_84,lean-search,true,completed,,11,10,52,0.03211,0.03356,1,3,false,11,,,true
lean-search-fateh100-0801,fateh_87,lean-search,true,completed,,10,9,49,0.038,0.03964,1,3,false,10,,,true
lean-search-fateh100-0801,fateh_9,lean-search,true,completed,,1,1,7,0.00132,0.0014,0,1,false,1,,,true
lean-search-fateh100-0801,fateh_92,lean-search,true,completed,,3,3,22,0.02791,0.02902,0,2,false,3,,,true
lean-search-fateh20-0726,fateh_17,lean-search,true,completed,,11,9,40,0.00646,0.00713,2,5,true,11,,,true
lean-search-fateh20-0726,fateh_19,lean-search,true,completed,,71,55,164,0.04008,0.06185,16,41,true,71,,,true
lean-search-fateh20-0726,fateh_2,lean-search,true,completed,,356,349,881,0.82644,0.8484,7,20,true,356,,,true
lean-search-fateh20-0726,fateh_20,lean-search,true,completed,,62,25,142,0.05108,0.10836,37,100,true,62,,,true
lean-search-fateh20-0726,fateh_26,lean-search,true,completed,,63,19,87,0.03009,0.10548,44,138,true,63,,,true
lean-search-fateh20-0726,fateh_53,lean-search,true,completed,,2,2,6,0.00068,0.00074,0,1,false,2,,,true
lean-search-fateh20-0726,fateh_74,lean-search,true,completed,,4,3,17,0.0022,0.00258,1,4,true,4,,,true
lean-search-fateh20-0726,fateh_77,lean-search,true,completed,,147,94,262,0.08442,0.17616,53,146,true,147,,,true
lean-search-fateh20-0726,fateh_8,lean-search,true,completed,,122,93,302,0.10236,0.15658,29,75,true,122,,,true
lean-search-fateh20-0726,fateh_88,lean-search,true,completed,,515,498,832,0.77285,0.83056,17,72,true,515,,,true
lean-search-fateh20-0726,fateh_89,lean-search,true,completed,,352,194,561,0.32141,0.5795,158,236,true,352,,,true
lean-search-fateh20-0726,fateh_96,lean-search,true,completed,,7,6,35,0.00929,0.0101,1,3,false,7,,,true
lean-search-fatex-diedrerun-0802,fatex_45,lean-search,true,completed,,42,35,121,0.18566,0.20867,7,17,true,42,,,true
lean-search-fatex-pilot10-0802,fatex_15,lean-search,true,completed,,3,2,19,0.02577,0.02726,1,3,false,3,,,true
lean-search-fatex-pilot10-0802,fatex_22,lean-search,true,completed,,10,9,31,0.02784,0.02968,1,4,true,10,,,true
lean-search-fatex-pilot10-0802,fatex_36,lean-search,true,completed,,30,29,135,0.1185,0.12169,1,3,false,30,,,true
lean-search-fatex-pilot10-0802,fatex_57,lean-search,true,completed,,170,164,380,0.64606,0.67023,6,16,true,170,,,true
lean-search-fatex-pilot10-0802,fatex_7,lean-search,true,completed,,7,7,25,0.01869,0.01934,0,2,false,7,,,true
lean-search-fatex-pilot10-0802,fatex_70,lean-search,true,completed,,6,6,18,0.01808,0.01881,0,2,false,6,,,true
lean-search-fatex-rest90-0802,fatex_1,lean-search,true,completed,,11,10,29,0.02302,0.02467,1,4,true,11,,,true
lean-search-fatex-rest90-0802,fatex_10,lean-search,true,completed,,59,58,230,0.47909,0.48851,1,7,false,59,,,true
lean-search-fatex-rest90-0802,fatex_11,lean-search,true,completed,,19,17,96,0.19191,0.20377,2,8,false,19,,,true
lean-search-fatex-rest90-0802,fatex_12,lean-search,true,completed,,64,57,195,0.32884,0.34482,7,23,true,64,,,true
lean-search-fatex-rest90-0802,fatex_14,lean-search,true,completed,,5,5,28,0.02692,0.02782,0,2,false,5,,,true
lean-search-fatex-rest90-0802,fatex_16,lean-search,true,completed,,76,72,221,0.38499,0.39845,4,14,true,76,,,true
lean-search-fatex-rest90-0802,fatex_19,lean-search,false,completed,grader_error,141,140,388,0.68921,0.69486,1,3,false,141,,,true
lean-search-fatex-rest90-0802,fatex_2,lean-search,true,completed,,1,1,9,0.00631,0.00677,0,2,false,1,,,true
lean-search-fatex-rest90-0802,fatex_21,lean-search,true,completed,,35,33,125,0.16,0.16804,2,7,true,35,,,true
lean-search-fatex-rest90-0802,fatex_23,lean-search,false,completed,bad_axioms,21,21,59,0.05424,0.05615,0,2,false,21,,,true
lean-search-fatex-rest90-0802,fatex_24,lean-search,true,completed,,68,64,221,0.36915,0.37587,4,18,true,68,,,true
lean-search-fatex-rest90-0802,fatex_26,lean-search,true,completed,,84,77,289,0.40568,0.41851,7,22,true,84,,,true
lean-search-fatex-rest90-0802,fatex_27,lean-search,true,completed,,24,18,61,0.10482,0.12287,6,16,true,24,,,true
lean-search-fatex-rest90-0802,fatex_29,lean-search,true,completed,,17,17,54,0.02148,0.02229,0,2,false,17,,,true
lean-search-fatex-rest90-0802,fatex_3,lean-search,true,completed,,24,22,70,0.09906,0.10806,2,9,true,24,,,true
lean-search-fatex-rest90-0802,fatex_30,lean-search,true,completed,,5,4,19,0.01774,0.01903,1,4,true,5,,,true
lean-search-fatex-rest90-0802,fatex_35,lean-search,true,completed,,1,1,4,0.00047,0.00052,0,1,false,1,,,true
lean-search-fatex-rest90-0802,fatex_38,lean-search,true,completed,,39,37,97,0.11502,0.12069,2,5,true,39,,,true
lean-search-fatex-rest90-0802,fatex_39,lean-search,true,completed,,73,70,234,0.25652,0.26827,3,8,true,73,,,true
lean-search-fatex-rest90-0802,fatex_4,lean-search,true,completed,,16,12,49,0.07899,0.09217,4,14,true,16,,,true
lean-search-fatex-rest90-0802,fatex_40,lean-search,true,completed,,21,19,61,0.10241,0.10784,2,5,true,21,,,true
lean-search-fatex-rest90-0802,fatex_42,lean-search,true,completed,,56,51,172,0.25395,0.27376,5,13,true,56,,,true
lean-search-fatex-rest90-0802,fatex_43,lean-search,false,completed,bad_axioms,43,42,103,0.04462,0.05099,1,6,true,43,,,true
lean-search-fatex-rest90-0802,fatex_46,lean-search,true,completed,,13,13,46,0.02557,0.02649,0,2,false,13,,,true
lean-search-fatex-rest90-0802,fatex_48,lean-search,true,completed,,17,16,47,0.05816,0.0606,1,3,false,17,,,true
lean-search-fatex-rest90-0802,fatex_49,lean-search,true,completed,,4,3,24,0.01741,0.01876,1,4,true,4,,,true
lean-search-fatex-rest90-0802,fatex_5,lean-search,true,completed,,10,9,31,0.06304,0.06635,1,4,true,10,,,true
lean-search-fatex-rest90-0802,fatex_50,lean-search,true,completed,,147,143,465,0.7597,0.79309,4,16,true,147,,,true
lean-search-fatex-rest90-0802,fatex_51,lean-search,true,completed,,58,54,156,0.14327,0.15246,4,9,true,58,,,true
lean-search-fatex-rest90-0802,fatex_52,lean-search,true,completed,,4,4,23,0.02964,0.03064,0,2,false,4,,,true
lean-search-fatex-rest90-0802,fatex_53,lean-search,true,completed,,114,110,334,0.53017,0.54688,4,12,true,114,,,true
lean-search-fatex-rest90-0802,fatex_54,lean-search,true,completed,,15,15,58,0.08591,0.08793,0,2,false,15,,,true
lean-search-fatex-rest90-0802,fatex_55,lean-search,true,completed,,15,14,51,0.08138,0.08477,1,3,false,15,,,true
lean-search-fatex-rest90-0802,fatex_58,lean-search,true,completed,,91,85,236,0.43951,0.45937,6,15,true,91,,,true
lean-search-fatex-rest90-0802,fatex_59,lean-search,true,completed,,25,21,66,0.09868,0.11227,4,12,true,25,,,true
lean-search-fatex-rest90-0802,fatex_6,lean-search,true,completed,,21,14,51,0.07951,0.09672,7,17,true,21,,,true
lean-search-fatex-rest90-0802,fatex_63,lean-search,true,completed,,13,4,30,0.05049,0.0672,9,23,true,13,,,true
lean-search-fatex-rest90-0802,fatex_67,lean-search,true,completed,,15,11,67,0.15091,0.1671,4,11,true,15,,,true
lean-search-fatex-rest90-0802,fatex_69,lean-search,true,completed,,38,36,123,0.11559,0.12135,2,6,true,38,,,true
lean-search-fatex-rest90-0802,fatex_74,lean-search,true,completed,,18,17,65,0.08661,0.09029,1,4,true,18,,,true
lean-search-fatex-rest90-0802,fatex_76,lean-search,true,completed,,28,27,78,0.15525,0.16148,1,4,false,28,,,true
lean-search-fatex-rest90-0802,fatex_78,lean-search,false,completed,bad_axioms,20,20,79,0.07905,0.08144,0,2,false,20,,,true
lean-search-fatex-rest90-0802,fatex_8,lean-search,true,completed,,14,12,46,0.03211,0.03616,2,7,true,14,,,true
lean-search-fatex-rest90-0802,fatex_83,lean-search,true,completed,,27,23,114,0.12765,0.14239,4,12,true,27,,,true
lean-search-fatex-rest90-0802,fatex_84,lean-search,true,completed,,6,6,28,0.05751,0.05915,0,2,false,6,,,true
lean-search-fatex-rest90-0802,fatex_89,lean-search,true,completed,,17,13,67,0.14291,0.16115,4,15,true,17,,,true
lean-search-fatex-rest90-0802,fatex_9,lean-search,true,completed,,8,7,42,0.0766,0.07922,1,3,false,8,,,true
lean-search-think-fateh20-0727,fateh_17,lean-search,true,completed,,44,39,70,0.01631,0.01871,5,10,true,44,,,true
lean-search-think-fateh20-0727,fateh_19,lean-search,true,completed,,89,75,199,0.07796,0.09862,14,31,true,89,,,true
lean-search-think-fateh20-0727,fateh_2,lean-search,true,completed,,88,79,351,0.31075,0.35197,9,27,true,88,,,true
lean-search-think-fateh20-0727,fateh_20,lean-search,true,completed,,101,89,227,0.109,0.14241,12,39,true,101,,,true
lean-search-think-fateh20-0727,fateh_26,lean-search,true,completed,,108,88,201,0.05556,0.09179,20,59,true,108,,,true
lean-search-think-fateh20-0727,fateh_33,lean-search,true,completed,,129,120,412,0.26347,0.30452,9,31,true,129,,,true
lean-search-think-fateh20-0727,fateh_46,lean-search,true,completed,,81,74,220,0.09081,0.10285,7,17,true,81,,,true
lean-search-think-fateh20-0727,fateh_53,lean-search,true,completed,,1,1,5,0.00066,0.00085,0,2,false,1,,,true
lean-search-think-fateh20-0727,fateh_74,lean-search,true,completed,,7,5,26,0.00306,0.00352,2,4,false,7,,,true
lean-search-think-fateh20-0727,fateh_77,lean-search,true,completed,,123,121,270,0.0747,0.07655,2,4,false,123,,,true
lean-search-think-fateh20-0727,fateh_88,lean-search,true,completed,,76,66,258,0.14143,0.1674,10,27,true,76,,,true
lean-search-think-fateh20-0727,fateh_89,lean-search,true,completed,,118,113,295,0.11796,0.1254,5,12,false,118,,,true
lean-search-think-fateh20-0727,fateh_96,lean-search,true,completed,,17,15,43,0.01142,0.01236,2,5,false,17,,,true
lean-search-think-fateh21-rerun-0728,fateh_21,lean-search,true,budget_exceeded,,246,230,786,0.93555,1.00057,16,52,true,246,,,true
lean-search-think-fateh81-0727,fateh_1,lean-search,true,completed,,31,30,80,0.01204,0.0127,1,3,false,31,,,true
lean-search-think-fateh81-0727,fateh_10,lean-search,true,completed,,12,10,38,0.00996,0.01104,2,5,false,12,,,true
lean-search-think-fateh81-0727,fateh_11,lean-search,true,completed,,18,17,94,0.02212,0.02268,1,2,false,18,,,true
lean-search-think-fateh81-0727,fateh_12,lean-search,true,completed,,44,40,100,0.01974,0.02326,4,10,false,44,,,true
lean-search-think-fateh81-0727,fateh_14,lean-search,true,completed,,5,4,15,0.00314,0.00353,1,3,false,5,,,true
lean-search-think-fateh81-0727,fateh_15,lean-search,true,completed,,38,37,100,0.04345,0.0451,1,3,false,38,,,true
lean-search-think-fateh81-0727,fateh_18,lean-search,true,completed,,334,332,829,0.83053,0.83726,2,7,false,334,,,true
lean-search-think-fateh81-0727,fateh_22,lean-search,true,completed,,145,124,525,0.63987,0.76818,21,154,true,145,,,true
lean-search-think-fateh81-0727,fateh_24,lean-search,true,completed,,41,40,97,0.01709,0.01774,1,4,false,41,,,true
lean-search-think-fateh81-0727,fateh_25,lean-search,true,completed,,109,87,312,0.18808,0.26545,22,67,true,109,,,true
lean-search-think-fateh81-0727,fateh_27,lean-search,true,completed,,294,277,656,0.35465,0.40292,17,47,true,294,,,true
lean-search-think-fateh81-0727,fateh_29,lean-search,true,completed,,171,150,613,0.55246,0.69359,21,83,true,171,,,true
lean-search-think-fateh81-0727,fateh_3,lean-search,true,completed,,81,63,257,0.17188,0.23167,18,51,true,81,,,true
lean-search-think-fateh81-0727,fateh_34,lean-search,true,completed,,34,33,101,0.02916,0.03029,1,3,false,34,,,true
lean-search-think-fateh81-0727,fateh_37,lean-search,true,completed,,95,71,575,0.6925,0.78964,24,114,true,95,,,true
lean-search-think-fateh81-0727,fateh_38,lean-search,true,completed,,287,248,633,0.60674,0.68152,39,120,true,287,,,true
lean-search-think-fateh81-0727,fateh_4,lean-search,true,budget_exceeded,,214,193,911,0.89966,1.00185,21,68,true,212,,,true
lean-search-think-fateh81-0727,fateh_40,lean-search,true,completed,,60,49,282,0.10913,0.13732,11,35,true,60,,,true
lean-search-think-fateh81-0727,fateh_43,lean-search,true,completed,,127,94,283,0.11138,0.18766,33,92,true,127,,,true
lean-search-think-fateh81-0727,fateh_47,lean-search,true,completed,,31,29,75,0.04165,0.04386,2,3,false,31,,,true
lean-search-think-fateh81-0727,fateh_49,lean-search,true,completed,,297,283,928,0.87249,0.90953,14,36,true,297,,,true
lean-search-think-fateh81-0727,fateh_5,lean-search,true,completed,,12,11,38,0.00991,0.01045,1,3,false,12,,,true
lean-search-think-fateh81-0727,fateh_56,lean-search,true,completed,,8,7,95,0.04768,0.04852,1,2,false,8,,,true
lean-search-think-fateh81-0727,fateh_57,lean-search,true,completed,,77,62,184,0.07407,0.09897,15,44,true,77,,,true
lean-search-think-fateh81-0727,fateh_58,lean-search,true,completed,,103,92,361,0.32738,0.39077,11,40,true,103,,,true
lean-search-think-fateh81-0727,fateh_6,lean-search,true,completed,,184,153,508,0.5919,0.72963,31,76,true,184,,,true
lean-search-think-fateh81-0727,fateh_61,lean-search,true,completed,,82,63,204,0.20609,0.27919,19,56,true,82,,,true
lean-search-think-fateh81-0727,fateh_62,lean-search,true,completed,,245,212,613,0.59302,0.77167,33,132,true,245,,,true
lean-search-think-fateh81-0727,fateh_64,lean-search,true,completed,,46,33,123,0.02705,0.03759,13,37,true,46,,,true
lean-search-think-fateh81-0727,fateh_66,lean-search,true,completed,,88,76,286,0.18548,0.21422,12,28,true,88,,,true
lean-search-think-fateh81-0727,fateh_67,lean-search,true,completed,,139,119,399,0.22878,0.30038,20,64,true,139,,,true
lean-search-think-fateh81-0727,fateh_68,lean-search,true,completed,,95,83,271,0.15644,0.19704,12,38,true,95,,,true
lean-search-think-fateh81-0727,fateh_69,lean-search,true,completed,,71,56,425,0.34936,0.4279,15,52,true,71,,,true
lean-search-think-fateh81-0727,fateh_7,lean-search,true,completed,,58,28,105,0.05539,0.11719,30,79,true,58,,,true
lean-search-think-fateh81-0727,fateh_70,lean-search,true,completed,,228,202,760,0.74091,0.87778,26,87,true,228,,,true
lean-search-think-fateh81-0727,fateh_71,lean-search,true,completed,,120,100,357,0.17822,0.23619,20,60,true,120,,,true
lean-search-think-fateh81-0727,fateh_72,lean-search,true,completed,,64,60,173,0.09293,0.10158,4,10,false,64,,,true
lean-search-think-fateh81-0727,fateh_73,lean-search,true,completed,,10,8,23,0.00363,0.00406,2,4,false,10,,,true
lean-search-think-fateh81-0727,fateh_75,lean-search,true,completed,,172,161,404,0.23277,0.26279,11,29,true,172,,,true
lean-search-think-fateh81-0727,fateh_76,lean-search,true,completed,,2,2,19,0.00226,0.00256,0,2,false,2,,,true
lean-search-think-fateh81-0727,fateh_79,lean-search,true,completed,,20,18,41,0.00738,0.00801,2,3,false,20,,,true
lean-search-think-fateh81-0727,fateh_80,lean-search,true,completed,,19,15,37,0.00611,0.0081,4,10,false,19,,,true
lean-search-think-fateh81-0727,fateh_82,lean-search,true,completed,,13,11,34,0.00776,0.00871,2,6,true,13,,,true
lean-search-think-fateh81-0727,fateh_83,lean-search,true,completed,,9,9,13,0.00266,0.00298,0,2,false,9,,,true
lean-search-think-fateh81-0727,fateh_84,lean-search,true,completed,,59,46,261,0.12619,0.15127,13,32,true,59,,,true
lean-search-think-fateh81-0727,fateh_86,lean-search,true,completed,,56,52,131,0.05451,0.06089,4,11,true,56,,,true
lean-search-think-fateh81-0727,fateh_87,lean-search,true,completed,,28,26,150,0.08541,0.09014,2,6,false,28,,,true
lean-search-think-fateh81-0727,fateh_9,lean-search,true,completed,,2,2,9,0.00108,0.00124,0,2,false,2,,,true
lean-search-think-fateh81-0727,fateh_91,lean-search,true,completed,,79,56,418,0.4263,0.54455,23,70,true,79,,,true
lean-search-think-fateh81-0727,fateh_92,lean-search,true,completed,,26,20,139,0.06044,0.06969,6,16,true,26,,,true
lean-search-think-fateh81-0727,fateh_97,lean-search,true,completed,,4,3,9,0.00136,0.00184,1,5,true,4,,,true
lean-search-think-fateh81-0727,fateh_99,lean-search,true,completed,,11,9,26,0.00828,0.00904,2,4,false,11,,,true
retry-test-fatem10-0730,fatem_100,lean-grep,true,completed,,4,3,33,0.00427,0.00463,1,3,false,4,,,true
retry-test-fatem10-0730,fatem_108,lean-grep,true,completed,,2,2,34,0.00325,0.00342,0,2,false,2,,,true
retry-test-fatem10-0730,fatem_112,lean-grep,true,completed,,6,5,13,0.00257,0.00279,1,3,false,6,,,true
retry-test-fatem10-0730,fatem_115,lean-grep,true,completed,,1,1,6,0.00067,0.00123,0,1,false,1,,,true
retry-test-fatem10-0730,fatem_133,lean-grep,true,completed,,8,6,73,0.01091,0.01161,2,4,false,8,,,true
retry-test-fatem10-0730,fatem_143,lean-grep,true,completed,,6,6,18,0.00274,0.00291,0,2,false,6,,,true
retry-test-fatem10-0730,fatem_36,lean-grep,true,completed,,7,5,40,0.00727,0.00806,2,5,true,7,,,true
retry-test-fatem10-0730,fatem_48,lean-grep,true,completed,,1,1,3,0.00047,0.00054,0,1,false,1,,,true
semantic-fatex87-0805,fatex_1,lean-search,true,completed,,11,6,34,0.06149,0.07346,5,15,true,11,,,true
semantic-fatex87-0805,fatex_11,lean-search,true,completed,,17,9,56,0.12938,0.15692,8,23,true,17,,,true
semantic-fatex87-0805,fatex_12,lean-search,true,completed,,107,105,329,0.51238,0.52414,2,5,true,107,,,true
semantic-fatex87-0805,fatex_14,lean-search,true,completed,,13,10,30,0.03229,0.0368,3,8,true,13,,,true
semantic-fatex87-0805,fatex_20,lean-search,true,completed,,89,84,233,0.45464,0.48602,5,14,true,89,,,true
semantic-fatex87-0805,fatex_21,lean-search,true,completed,,8,6,32,0.05112,0.05459,2,5,true,8,,,true
semantic-fatex87-0805,fatex_22,lean-search,true,completed,,15,13,38,0.06624,0.07071,2,5,true,15,,,true
semantic-fatex87-0805,fatex_24,lean-search,true,completed,,70,65,172,0.22991,0.25636,5,14,true,70,,,true
semantic-fatex87-0805,fatex_26,lean-search,true,completed,,125,122,399,0.77396,0.78505,3,11,false,125,,,true
semantic-fatex87-0805,fatex_27,lean-search,true,completed,,34,31,104,0.18036,0.19969,3,13,true,34,,,true
semantic-fatex87-0805,fatex_29,lean-search,true,completed,,8,7,41,0.01881,0.01999,1,4,true,8,,,true
semantic-fatex87-0805,fatex_3,lean-search,true,completed,,32,29,96,0.11836,0.13517,3,16,true,32,,,true
semantic-fatex87-0805,fatex_30,lean-search,true,completed,,7,4,34,0.02882,0.03377,3,10,true,7,,,true
semantic-fatex87-0805,fatex_36,lean-search,true,completed,,20,18,82,0.09302,0.10033,2,7,true,20,,,true
semantic-fatex87-0805,fatex_38,lean-search,true,completed,,29,28,74,0.09691,0.09987,1,3,false,29,,,true
semantic-fatex87-0805,fatex_39,lean-search,true,completed,,34,33,141,0.22498,0.23044,1,3,false,34,,,true
semantic-fatex87-0805,fatex_4,lean-search,true,completed,,26,25,96,0.19873,0.20444,1,3,false,26,,,true
semantic-fatex87-0805,fatex_40,lean-search,true,completed,,38,36,124,0.10786,0.1135,2,6,true,38,,,true
semantic-fatex87-0805,fatex_42,lean-search,true,completed,,111,107,307,0.5764,0.61306,4,15,true,111,,,true
semantic-fatex87-0805,fatex_45,lean-search,true,completed,,48,45,148,0.30621,0.32391,3,9,false,48,,,true
semantic-fatex87-0805,fatex_47,lean-search,true,completed,,113,107,325,0.61919,0.62759,6,15,true,113,,,true
semantic-fatex87-0805,fatex_48,lean-search,true,completed,,18,16,74,0.08215,0.08647,2,5,true,18,,,true
semantic-fatex87-0805,fatex_49,lean-search,true,completed,,10,9,31,0.02075,0.02214,1,4,true,10,,,true
semantic-fatex87-0805,fatex_5,lean-search,true,completed,,8,7,44,0.0645,0.06699,1,3,false,8,,,true
semantic-fatex87-0805,fatex_50,lean-search,true,budget_exceeded,,166,160,481,0.95104,1.0013,6,23,true,166,,,true
semantic-fatex87-0805,fatex_51,lean-search,true,completed,,11,10,51,0.04601,0.04782,1,3,false,11,,,true
semantic-fatex87-0805,fatex_52,lean-search,true,completed,,11,6,37,0.0323,0.03769,5,12,true,11,,,true
semantic-fatex87-0805,fatex_53,lean-search,true,completed,,132,128,431,0.82975,0.84503,4,10,false,132,,,true
semantic-fatex87-0805,fatex_54,lean-search,true,completed,,6,4,21,0.02901,0.03112,2,5,true,6,,,true
semantic-fatex87-0805,fatex_55,lean-search,true,completed,,41,40,121,0.18413,0.1897,1,3,false,41,,,true
semantic-fatex87-0805,fatex_57,lean-search,true,completed,,21,19,56,0.07616,0.08219,2,6,false,21,,,true
semantic-fatex87-0805,fatex_58,lean-search,true,completed,,74,72,206,0.34577,0.35615,2,5,true,74,,,true
semantic-fatex87-0805,fatex_59,lean-search,true,completed,,13,11,42,0.04941,0.05272,2,5,true,13,,,true
semantic-fatex87-0805,fatex_6,lean-search,true,completed,,16,16,52,0.05843,0.06048,0,2,false,16,,,true
semantic-fatex87-0805,fatex_67,lean-search,true,completed,,8,5,33,0.07227,0.08271,3,10,true,8,,,true
semantic-fatex87-0805,fatex_68,lean-search,true,completed,,135,133,392,0.75965,0.77036,2,4,true,135,,,true
semantic-fatex87-0805,fatex_69,lean-search,true,completed,,40,38,137,0.12442,0.13161,2,7,true,40,,,true
semantic-fatex87-0805,fatex_7,lean-search,true,completed,,7,7,45,0.04715,0.04868,0,2,false,7,,,true
semantic-fatex87-0805,fatex_76,lean-search,true,completed,,32,30,113,0.13797,0.14898,2,8,true,32,,,true
semantic-fatex87-0805,fatex_8,lean-search,true,completed,,49,45,101,0.12213,0.139,4,12,true,49,,,true
semantic-fatex87-0805,fatex_83,lean-search,true,completed,,66,64,233,0.31849,0.32978,2,6,true,66,,,true
semantic-fatex87-0805,fatex_84,lean-search,true,completed,,23,20,68,0.10305,0.11403,3,9,true,23,,,true
semantic-fatex87-0805,fatex_89,lean-search,true,completed,,25,21,100,0.24974,0.27041,4,12,true,25,,,true
semantic-fatex87-0805,fatex_9,lean-search,true,completed,,12,12,59,0.06442,0.06626,0,2,false,12,,,true
smoke-blockc-0804,fatem_100,lean-search+lean-snippet+lean-spawn+lean-facts,true,completed,,2,2,8,0.00209,0.00221,0,1,false,2,,,true
smoke-blockc-0804,fatem_108,lean-search+lean-snippet+lean-spawn+lean-facts,true,completed,,1,1,6,0.0012,0.00127,0,1,false,1,,,true
smoke-grep-0731d,fatem_100,lean-grep,true,completed,,3,1,4,0.00117,0.00192,2,5,true,3,,,true
smoke-grep-0731d,fatem_108,lean-grep,true,completed,,1,1,4,0.00125,0.00133,0,1,false,1,,,true
smoke-grep-0731d,fatem_112,lean-grep,true,completed,,2,2,6,0.0038,0.00391,0,1,false,2,,,true
smoke-grep-0731d,fatem_113,lean-grep,true,completed,,3,3,19,0.01257,0.01314,0,2,false,3,,,true
smoke-grep-0731d,fatem_115,lean-grep,true,completed,,1,1,3,0.00063,0.00072,0,1,false,1,,,true
smoke-grep-0731d,fatem_133,lean-grep,true,completed,,1,1,7,0.00599,0.00638,0,2,false,1,,,true
smoke-grep-0731d,fatem_143,lean-grep,true,completed,,3,3,14,0.00727,0.0076,0,2,false,3,,,true
smoke-grep-0731d,fatem_36,lean-grep,true,completed,,1,1,10,0.00903,0.00937,0,2,false,1,,,true
smoke-grep-0731d,fatem_48,lean-grep,true,completed,,1,1,3,0.00089,0.00097,0,1,false,1,,,true
smoke-grep-0731d,fatem_53,lean-grep,true,completed,,2,2,36,0.01681,0.01763,0,2,false,2,,,true
smoke-leangrep-0729c,fatem_100,lean-grep,true,completed,,2,2,22,0.00372,0.00386,0,1,false,2,,,true
smoke-leangrep-0729c,fatem_108,lean-grep,true,completed,,2,2,8,0.00134,0.00158,0,2,false,2,,,true
smoke-loogle-0731d,fatem_100,lean-loogle,true,completed,,2,1,9,0.00168,0.00356,1,7,true,2,,,true
smoke-loogle-0731d,fatem_108,lean-loogle,true,completed,,2,2,8,0.00408,0.00433,0,2,false,2,,,true
smoke-loogle-0731d,fatem_112,lean-loogle,true,completed,,2,2,5,0.00242,0.00252,0,1,false,2,,,true
smoke-loogle-0731d,fatem_113,lean-loogle,true,completed,,2,2,27,0.00932,0.00982,0,2,false,2,,,true
smoke-loogle-0731d,fatem_115,lean-loogle,true,completed,,1,1,3,0.00046,0.00053,0,1,false,1,,,true
smoke-loogle-0731d,fatem_133,lean-loogle,true,completed,,6,6,20,0.01614,0.0168,0,2,false,6,,,true
smoke-loogle-0731d,fatem_143,lean-loogle,true,completed,,1,1,3,0.00092,0.00098,0,1,false,1,,,true
smoke-loogle-0731d,fatem_36,lean-loogle,true,completed,,7,7,14,0.00706,0.00757,0,2,false,7,,,true
smoke-loogle-0731d,fatem_48,lean-loogle,true,completed,,1,1,3,0.00098,0.00104,0,1,false,1,,,true
smoke-loogle-0731d,fatem_53,lean-loogle,true,completed,,6,6,33,0.01644,0.01733,0,2,false,6,,,true
smoke-loogle-0731e,fatem_100,lean-loogle,true,completed,,2,1,7,0.00181,0.00229,1,4,true,2,,,true
smoke-loogle-0731e,fatem_108,lean-loogle,true,completed,,1,1,5,0.00125,0.00133,0,1,false,1,,,true
smoke-loogle-0731e,fatem_112,lean-loogle,true,completed,,2,2,5,0.00297,0.00317,0,2,false,2,,,true
smoke-loogle-0731e,fatem_113,lean-loogle,true,completed,,4,4,24,0.01084,0.01134,0,2,false,4,,,true
smoke-loogle-0731e,fatem_115,lean-loogle,true,completed,,6,5,12,0.00353,0.00388,1,3,true,6,,,true
smoke-loogle-0731e,fatem_133,lean-loogle,true,completed,,2,2,7,0.00633,0.00673,0,2,false,2,,,true
smoke-loogle-0731e,fatem_143,lean-loogle,true,completed,,1,1,3,0.00049,0.00055,0,1,false,1,,,true
smoke-loogle-0731e,fatem_36,lean-loogle,true,completed,,2,2,6,0.00564,0.00597,0,2,false,2,,,true
smoke-loogle-0731e,fatem_48,lean-loogle,true,completed,,2,2,5,0.00102,0.00108,0,1,false,2,,,true
smoke-loogle-0731e,fatem_53,lean-loogle,true,completed,,3,3,32,0.01589,0.01669,0,2,false,3,,,true
smoke-sessiontail-0802,fatex_35,lean-search,true,completed,,1,1,4,0.00047,0.00052,0,1,false,1,,,true
smoke-stalefuse-0802,fatex_2,lean-search,true,completed,,4,1,11,0.01005,0.01163,3,7,true,4,,,true
snippet-fatex10-0804,fatex_15,lean-search+lean-snippet,true,completed,,1,1,8,0.00819,0.00878,0,2,false,1,,,true
snippet-fatex10-0804,fatex_22,lean-search+lean-snippet,true,completed,,2,2,38,0.03899,0.0404,0,2,false,2,,,true
snippet-fatex10-0804,fatex_36,lean-search+lean-snippet,true,completed,,1,1,82,0.10347,0.10549,0,2,false,1,,,true
snippet-fatex10-0804,fatex_57,lean-search+lean-snippet,true,completed,,12,10,71,0.0889,0.09495,2,7,true,12,,,true
snippet-fatex10-0804,fatex_7,lean-search+lean-snippet,true,completed,,8,5,66,0.05901,0.06515,3,9,true,8,,,true
snippet-fatex10-0804,fatex_70,lean-search+lean-snippet,true,completed,,1,1,23,0.01544,0.01576,0,1,false,1,,,true
spawnfacts-fatex10-0804,fatex_15,lean-search+lean-snippet+lean-spawn+lean-facts,true,completed,,2,1,15,0.03266,0.03444,1,3,true,2,,,true
spawnfacts-fatex10-0804,fatex_22,lean-search+lean-snippet+lean-spawn+lean-facts,true,completed,,1,1,28,0.02739,0.02787,0,1,false,1,,,true
spawnfacts-fatex10-0804,fatex_36,lean-search+lean-snippet+lean-spawn+lean-facts,true,completed,,7,6,104,0.12968,0.13882,1,9,true,7,,,true
spawnfacts-fatex10-0804,fatex_57,lean-search+lean-snippet+lean-spawn+lean-facts,true,completed,,5,2,72,0.0859,0.09696,3,13,true,5,,,true
spawnfacts-fatex10-0804,fatex_7,lean-search+lean-snippet+lean-spawn+lean-facts,true,completed,,2,2,29,0.04477,0.04653,0,2,false,2,,,true
spawnfacts-fatex10-0804,fatex_70,lean-search+lean-snippet+lean-spawn+lean-facts,true,completed,,1,1,17,0.01473,0.01538,0,2,false,1,,,true
spawnfacts-fatex10-0804,fatex_99,lean-search+lean-snippet+lean-spawn+lean-facts,false,completed,bad_axioms,3,3,22,0.03204,0.03266,0,1,false,3,,,true
spawn-fatex10-0804,fatex_15,lean-search+lean-snippet+lean-spawn,true,completed,,2,1,13,0.01753,0.0196,1,5,true,2,,,true
spawn-fatex10-0804,fatex_22,lean-search+lean-snippet+lean-spawn,true,completed,,2,2,42,0.0315,0.03319,0,4,false,2,,,true
spawn-fatex10-0804,fatex_36,lean-search+lean-snippet+lean-spawn,true,completed,,2,2,70,0.07075,0.07251,0,2,false,2,,,true
spawn-fatex10-0804,fatex_57,lean-search+lean-snippet+lean-spawn,true,completed,,1,1,48,0.04262,0.04397,0,2,false,1,,,true
spawn-fatex10-0804,fatex_7,lean-search+lean-snippet+lean-spawn,true,completed,,5,3,37,0.03749,0.04126,2,6,true,5,,,true
spawn-fatex10-0804,fatex_70,lean-search+lean-snippet+lean-spawn,true,completed,,1,1,12,0.0045,0.00483,0,2,false,1,,,true
spawn-fatex10-0804,fatex_99,lean-search+lean-snippet+lean-spawn,false,completed,bad_axioms,5,2,64,0.03367,0.05018,3,17,true,5,,,true
wifi-test-fatem5-0730,fatem_116,lean-grep,true,completed,,3,3,8,0.00217,0.00241,0,2,false,3,,,true
wifi-test-fatem5-0730,fatem_26,lean-grep,true,completed,,18,16,190,0.06061,0.06284,2,4,false,18,,,true
wifi-test-fatem5-0730,fatem_5,lean-grep,true,completed,,2,2,8,0.00119,0.00135,0,2,false,2,,,true
wifi-test-fatem5-0730,fatem_50,lean-grep,true,completed,,6,4,26,0.00469,0.00513,2,4,false,6,,,true
wifi-test-fatem5-0730,fatem_88,lean-grep,true,completed,,6,4,63,0.01576,0.01681,2,4,false,6,,,true
