arm,rep,problem,solved,cost,spend
base,1,fatex_1,1,0.05927,0.06063
base,1,fatex_3,1,0.13669,0.14172
base,1,fatex_4,1,0.58807,0.59300
base,1,fatex_5,1,0.12457,0.12697
base,1,fatex_6,1,0.19744,0.20238
base,1,fatex_7,1,0.10502,0.10827
base,1,fatex_8,1,0.04564,0.04712
base,1,fatex_9,1,0.29533,0.30141
base,1,fatex_10,1,0.51601,0.53044
base,1,fatex_11,1,0.21107,0.22127
base,1,fatex_12,1,0.16041,0.16529
base,1,fatex_14,1,0.03544,0.03666
base,1,fatex_16,1,0.51248,0.51352
base,1,fatex_17,0,,1.03572
base,1,fatex_18,0,,0.91894
base,1,fatex_19,1,0.70577,0.71048
base,1,fatex_20,0,,0.85219
base,1,fatex_21,1,0.11798,0.12093
base,1,fatex_22,1,0.17094,0.17551
base,1,fatex_24,1,0.51932,0.52445
base,1,fatex_25,0,,0.53182
base,1,fatex_26,0,,1.00140
base,1,fatex_27,0,,1.00126
base,1,fatex_28,0,,0.37607
base,1,fatex_29,1,0.04860,0.05000
base,1,fatex_30,1,0.02495,0.02620
base,1,fatex_31,0,,1.00222
base,1,fatex_32,0,,0.45143
base,1,fatex_33,0,,0.72424
base,1,fatex_34,1,0.43748,0.45266
base,1,fatex_35,1,0.04403,0.04548
base,1,fatex_36,1,0.20585,0.21057
base,1,fatex_37,0,,1.00047
base,1,fatex_38,1,0.16860,0.17301
base,1,fatex_39,1,0.96415,0.97159
base,1,fatex_40,1,0.75834,0.78210
base,1,fatex_41,0,,1.00297
base,1,fatex_42,1,0.70303,0.70842
base,1,fatex_43,0,,0.07918
base,1,fatex_44,0,,1.00087
base,1,fatex_45,1,0.13961,0.14389
base,1,fatex_46,1,0.20355,0.20879
base,1,fatex_47,0,,0.50857
base,1,fatex_48,1,0.07909,0.08141
base,1,fatex_49,1,0.04322,0.04472
base,1,fatex_50,1,0.50939,0.51468
base,1,fatex_51,1,0.15293,0.15875
base,1,fatex_52,1,0.24611,0.25377
base,1,fatex_53,1,0.47008,0.47887
base,1,fatex_54,1,0.02750,0.02857
base,1,fatex_55,1,0.12793,0.13252
base,1,fatex_56,0,,0.34731
base,1,fatex_57,1,0.09329,0.09629
base,1,fatex_58,0,,1.00066
base,1,fatex_59,1,0.12696,0.13035
base,1,fatex_61,0,,0.28501
base,1,fatex_62,0,,0.84417
base,1,fatex_64,0,,1.00151
base,1,fatex_65,0,,0.15701
base,1,fatex_66,0,,0.17369
base,1,fatex_67,1,0.07119,0.07300
base,1,fatex_68,0,,0.34443
base,1,fatex_69,1,0.19506,0.19984
base,1,fatex_70,1,0.01454,0.01521
base,1,fatex_71,0,,0.36158
base,1,fatex_72,0,,0.08035
base,1,fatex_73,0,,0.14106
base,1,fatex_74,0,,0.06590
base,1,fatex_76,0,,0.45959
base,1,fatex_78,0,,0.17908
base,1,fatex_79,0,,0.20526
base,1,fatex_80,0,,0.13972
base,1,fatex_82,0,,0.07556
base,1,fatex_83,0,,0.09283
base,1,fatex_84,1,0.06278,0.06465
base,1,fatex_85,0,,0.23896
base,1,fatex_86,0,,0.41370
base,1,fatex_87,0,,1.00282
base,1,fatex_88,0,,0.27317
base,1,fatex_89,1,0.31867,0.32538
base,1,fatex_90,0,,0.53240
base,1,fatex_91,0,,0.64760
base,1,fatex_92,0,,0.24617
base,1,fatex_93,0,,1.00057
base,1,fatex_94,0,,0.11230
base,1,fatex_95,0,,0.55805
base,1,fatex_96,0,,0.22201
base,1,fatex_97,0,,0.57247
base,1,fatex_98,0,,0.29930
base,1,fatex_100,0,,0.54415
base,2,fatex_1,1,0.05338,0.05546
base,2,fatex_3,1,0.17651,0.18008
base,2,fatex_4,1,0.24484,0.25185
base,2,fatex_5,1,0.07207,0.07382
base,2,fatex_6,1,0.15213,0.16041
base,2,fatex_7,1,0.07959,0.08215
base,2,fatex_8,1,0.04856,0.05037
base,2,fatex_9,1,0.14552,0.14898
base,2,fatex_10,0,,1.00034
base,2,fatex_11,1,0.31003,0.31949
base,2,fatex_12,1,0.29413,0.29959
base,2,fatex_14,1,0.02343,0.02492
base,2,fatex_16,0,,0.95458
base,2,fatex_17,0,,1.04836
base,2,fatex_18,0,,1.00288
base,2,fatex_19,0,,1.00048
base,2,fatex_20,0,,0.92296
base,2,fatex_21,1,0.15799,0.16238
base,2,fatex_22,1,0.41626,0.42872
base,2,fatex_24,1,0.57836,0.58195
base,2,fatex_25,0,,1.00040
base,2,fatex_26,1,0.38455,0.39167
base,2,fatex_27,0,,1.00113
base,2,fatex_28,0,,0.92315
base,2,fatex_29,1,0.15132,0.15532
base,2,fatex_30,1,0.05219,0.05386
base,2,fatex_31,0,,0.90640
base,2,fatex_32,0,,0.40779
base,2,fatex_33,0,,1.06104
base,2,fatex_34,0,,0.15402
base,2,fatex_35,1,0.09839,0.10210
base,2,fatex_36,1,0.46057,0.46279
base,2,fatex_37,0,,0.53169
base,2,fatex_38,1,0.08183,0.08396
base,2,fatex_39,1,0.22694,0.23130
base,2,fatex_40,1,0.44643,0.45606
base,2,fatex_41,0,,1.00143
base,2,fatex_42,1,0.63937,0.64710
base,2,fatex_43,0,,0.06238
base,2,fatex_44,0,,1.00206
base,2,fatex_45,0,,0.38990
base,2,fatex_46,1,0.26127,0.26484
base,2,fatex_47,0,,1.00079
base,2,fatex_48,1,0.09296,0.09647
base,2,fatex_49,1,0.06729,0.06939
base,2,fatex_50,0,,1.00218
base,2,fatex_51,1,0.05669,0.05844
base,2,fatex_52,1,0.16767,0.17064
base,2,fatex_53,1,0.83563,0.84098
base,2,fatex_54,1,0.04005,0.04213
base,2,fatex_55,1,0.25633,0.26008
base,2,fatex_56,0,,1.00040
base,2,fatex_57,1,0.09830,0.10103
base,2,fatex_58,0,,1.01052
base,2,fatex_59,1,0.12311,0.12674
base,2,fatex_61,0,,0.35665
base,2,fatex_62,0,,1.00100
base,2,fatex_64,1,0.76786,0.77065
base,2,fatex_65,0,,0.21233
base,2,fatex_66,0,,0.91551
base,2,fatex_67,1,0.09680,0.09987
base,2,fatex_68,1,0.21547,0.22189
base,2,fatex_69,0,,1.00152
base,2,fatex_70,1,0.01671,0.01737
base,2,fatex_71,0,,0.19251
base,2,fatex_72,0,,0.24292
base,2,fatex_73,0,,0.20682
base,2,fatex_74,0,,0.09736
base,2,fatex_76,1,0.25407,0.26298
base,2,fatex_78,0,,0.26001
base,2,fatex_79,0,,0.10822
base,2,fatex_80,0,,0.19213
base,2,fatex_82,0,,0.11194
base,2,fatex_83,0,,0.21858
base,2,fatex_84,1,0.05709,0.05901
base,2,fatex_85,0,,0.13120
base,2,fatex_86,0,,0.20881
base,2,fatex_87,0,,1.00023
base,2,fatex_88,0,,1.00017
base,2,fatex_89,1,0.55653,0.56624
base,2,fatex_90,0,,0.73635
base,2,fatex_91,0,,0.30860
base,2,fatex_92,0,,0.07185
base,2,fatex_93,0,,1.00977
base,2,fatex_94,0,,0.08319
base,2,fatex_95,0,,0.31027
base,2,fatex_96,0,,0.18999
base,2,fatex_97,0,,0.37515
base,2,fatex_98,0,,0.37312
base,2,fatex_100,0,,0.47789
grep,1,fatex_1,1,0.06409,0.06619
grep,1,fatex_3,1,0.15054,0.15464
grep,1,fatex_4,1,0.23114,0.23681
grep,1,fatex_5,1,0.07191,0.07391
grep,1,fatex_6,1,0.05680,0.05846
grep,1,fatex_7,1,0.01928,0.01999
grep,1,fatex_8,1,0.04386,0.04633
grep,1,fatex_9,1,0.06586,0.06785
grep,1,fatex_10,1,0.62465,0.62726
grep,1,fatex_11,1,0.12264,0.12735
grep,1,fatex_12,1,0.66161,0.66330
grep,1,fatex_14,1,0.03356,0.03473
grep,1,fatex_16,1,0.21836,0.22374
grep,1,fatex_17,0,,0.17304
grep,1,fatex_18,0,,1.00036
grep,1,fatex_19,1,0.70510,0.70659
grep,1,fatex_20,1,0.47137,0.48121
grep,1,fatex_21,1,0.03202,0.03317
grep,1,fatex_22,1,0.03823,0.03992
grep,1,fatex_24,1,0.46625,0.48016
grep,1,fatex_25,0,,1.00333
grep,1,fatex_26,1,0.29666,0.30056
grep,1,fatex_27,1,0.34038,0.34460
grep,1,fatex_28,0,,0.44446
grep,1,fatex_29,1,0.07066,0.07284
grep,1,fatex_30,1,0.03618,0.03733
grep,1,fatex_31,0,,1.00034
grep,1,fatex_32,0,,1.00148
grep,1,fatex_33,0,,0.86876
grep,1,fatex_34,0,,0.78664
grep,1,fatex_35,1,0.00073,0.00080
grep,1,fatex_36,1,0.39947,0.40590
grep,1,fatex_37,0,,1.00944
grep,1,fatex_38,1,0.07794,0.07996
grep,1,fatex_39,1,0.13920,0.14459
grep,1,fatex_40,1,0.08543,0.08787
grep,1,fatex_41,0,,0.61921
grep,1,fatex_42,1,0.32749,0.32953
grep,1,fatex_43,0,,0.07594
grep,1,fatex_44,0,,0.89347
grep,1,fatex_45,1,0.08631,0.08835
grep,1,fatex_46,1,0.02837,0.02943
grep,1,fatex_47,0,,1.00073
grep,1,fatex_48,1,0.15127,0.15381
grep,1,fatex_49,1,0.02770,0.02897
grep,1,fatex_50,1,0.85803,0.86083
grep,1,fatex_51,1,0.04911,0.05069
grep,1,fatex_52,1,0.03715,0.03867
grep,1,fatex_53,1,0.42119,0.42786
grep,1,fatex_54,1,0.03514,0.03641
grep,1,fatex_55,1,0.18349,0.18672
grep,1,fatex_56,0,,0.24366
grep,1,fatex_57,1,0.06071,0.06285
grep,1,fatex_58,1,0.45313,0.46126
grep,1,fatex_59,1,0.10188,0.10707
grep,1,fatex_61,1,0.84412,0.84952
grep,1,fatex_62,0,,0.63118
grep,1,fatex_64,1,0.59304,0.60233
grep,1,fatex_65,0,,0.79529
grep,1,fatex_66,0,,0.44141
grep,1,fatex_67,1,0.66417,0.66580
grep,1,fatex_68,1,0.81486,0.82463
grep,1,fatex_69,0,,0.77684
grep,1,fatex_70,1,0.02016,0.02086
grep,1,fatex_71,0,,1.00142
grep,1,fatex_72,0,,0.11050
grep,1,fatex_73,0,,0.14132
grep,1,fatex_74,0,,0.03261
grep,1,fatex_76,1,0.18309,0.18815
grep,1,fatex_78,0,,0.12994
grep,1,fatex_79,0,,0.12883
grep,1,fatex_80,0,,0.10426
grep,1,fatex_82,0,,0.06859
grep,1,fatex_83,1,0.15400,0.16269
grep,1,fatex_84,1,0.09876,0.10117
grep,1,fatex_85,0,,0.08560
grep,1,fatex_86,0,,0.31372
grep,1,fatex_87,0,,1.00063
grep,1,fatex_88,0,,0.26704
grep,1,fatex_89,1,0.16568,0.17029
grep,1,fatex_90,0,,1.00024
grep,1,fatex_91,0,,1.00027
grep,1,fatex_92,0,,0.09144
grep,1,fatex_93,0,,0.10005
grep,1,fatex_94,0,,0.15881
grep,1,fatex_95,0,,0.51479
grep,1,fatex_96,0,,0.11571
grep,1,fatex_97,0,,0.90368
grep,1,fatex_98,0,,0.62573
grep,1,fatex_100,0,,0.18444
grep,2,fatex_1,1,0.04992,0.05180
grep,2,fatex_3,1,0.12563,0.12961
grep,2,fatex_4,1,0.22745,0.23255
grep,2,fatex_5,1,0.07860,0.08078
grep,2,fatex_6,1,0.09672,0.09878
grep,2,fatex_7,1,0.07963,0.08219
grep,2,fatex_8,1,0.04108,0.04228
grep,2,fatex_9,1,0.04774,0.04955
grep,2,fatex_10,1,0.42371,0.43015
grep,2,fatex_11,1,0.19944,0.20258
grep,2,fatex_12,1,0.53163,0.54091
grep,2,fatex_14,1,0.02582,0.02712
grep,2,fatex_16,1,0.22647,0.23212
grep,2,fatex_17,0,,1.00360
grep,2,fatex_18,0,,0.47460
grep,2,fatex_19,0,,1.00221
grep,2,fatex_20,1,0.29528,0.30122
grep,2,fatex_21,1,0.11595,0.11873
grep,2,fatex_22,1,0.05652,0.05825
grep,2,fatex_24,1,0.37706,0.38142
grep,2,fatex_25,0,,1.00149
grep,2,fatex_26,0,,1.00233
grep,2,fatex_27,1,0.23757,0.24294
grep,2,fatex_28,0,,0.49905
grep,2,fatex_29,1,0.04384,0.04506
grep,2,fatex_30,1,0.04099,0.04227
grep,2,fatex_31,0,,1.00182
grep,2,fatex_32,0,,1.00010
grep,2,fatex_33,1,0.28306,0.29120
grep,2,fatex_34,0,,1.00041
grep,2,fatex_35,1,0.00105,0.00111
grep,2,fatex_36,1,0.12223,0.12570
grep,2,fatex_37,0,,1.10664
grep,2,fatex_38,1,0.53879,0.55311
grep,2,fatex_39,1,0.14327,0.14613
grep,2,fatex_40,1,0.08240,0.08455
grep,2,fatex_41,0,,1.00156
grep,2,fatex_42,1,0.51306,0.52712
grep,2,fatex_43,0,,0.06664
grep,2,fatex_44,0,,0.61811
grep,2,fatex_45,1,0.69117,0.69927
grep,2,fatex_46,1,0.03554,0.03674
grep,2,fatex_47,0,,1.00047
grep,2,fatex_48,1,0.21647,0.21944
grep,2,fatex_49,1,0.04030,0.04199
grep,2,fatex_50,0,,1.00165
grep,2,fatex_51,1,0.05063,0.05228
grep,2,fatex_52,1,0.08683,0.08882
grep,2,fatex_53,1,0.66716,0.67120
grep,2,fatex_54,1,0.03548,0.03675
grep,2,fatex_55,1,0.09715,0.09961
grep,2,fatex_56,0,,0.46400
grep,2,fatex_57,1,0.06219,0.06462
grep,2,fatex_58,0,,1.00038
grep,2,fatex_59,1,0.09790,0.10035
grep,2,fatex_61,0,,1.00472
grep,2,fatex_62,0,,0.60620
grep,2,fatex_64,1,0.45964,0.46458
grep,2,fatex_65,0,,0.24275
grep,2,fatex_66,1,0.99596,0.99940
grep,2,fatex_67,1,0.13327,0.13739
grep,2,fatex_68,1,0.12709,0.13081
grep,2,fatex_69,1,0.15243,0.15612
grep,2,fatex_70,1,0.00899,0.00950
grep,2,fatex_71,0,,0.07311
grep,2,fatex_72,0,,0.27354
grep,2,fatex_73,0,,0.18356
grep,2,fatex_74,0,,0.17344
grep,2,fatex_76,1,0.11011,0.11240
grep,2,fatex_78,0,,0.12655
grep,2,fatex_79,0,,0.04766
grep,2,fatex_80,0,,0.08079
grep,2,fatex_82,0,,0.04225
grep,2,fatex_83,1,0.18199,0.18495
grep,2,fatex_84,1,0.07322,0.07509
grep,2,fatex_85,0,,1.00049
grep,2,fatex_86,0,,0.86383
grep,2,fatex_87,0,,0.49327
grep,2,fatex_88,1,0.97789,0.98166
grep,2,fatex_89,1,0.23711,0.24080
grep,2,fatex_90,0,,0.49726
grep,2,fatex_91,0,,1.00245
grep,2,fatex_92,0,,0.14830
grep,2,fatex_93,0,,0.05946
grep,2,fatex_94,0,,0.12857
grep,2,fatex_95,0,,0.91863
grep,2,fatex_96,0,,0.90318
grep,2,fatex_97,0,,0.41501
grep,2,fatex_98,0,,0.31086
grep,2,fatex_100,0,,0.24649
semantic,1,fatex_1,1,0.07748,0.08151
semantic,1,fatex_3,1,0.16934,0.17446
semantic,1,fatex_4,1,0.11291,0.11567
semantic,1,fatex_5,1,0.05681,0.05958
semantic,1,fatex_6,1,0.21966,0.22398
semantic,1,fatex_7,1,0.13134,0.13453
semantic,1,fatex_8,1,0.07078,0.07320
semantic,1,fatex_9,1,0.04213,0.04364
semantic,1,fatex_10,0,,1.00074
semantic,1,fatex_11,1,0.13429,0.13808
semantic,1,fatex_12,1,0.93500,0.93770
semantic,1,fatex_14,1,0.02455,0.02555
semantic,1,fatex_16,1,0.40802,0.41242
semantic,1,fatex_17,0,,0.94043
semantic,1,fatex_18,0,,0.49023
semantic,1,fatex_19,1,0.76593,0.76750
semantic,1,fatex_20,1,0.43748,0.45087
semantic,1,fatex_21,1,0.07617,0.07966
semantic,1,fatex_22,1,0.03912,0.04085
semantic,1,fatex_24,1,0.23482,0.24277
semantic,1,fatex_25,0,,0.82530
semantic,1,fatex_26,1,0.68615,0.68764
semantic,1,fatex_27,1,0.20458,0.21056
semantic,1,fatex_28,0,,0.52357
semantic,1,fatex_29,1,0.01919,0.01993
semantic,1,fatex_30,1,0.01816,0.01945
semantic,1,fatex_31,0,,1.00442
semantic,1,fatex_32,0,,0.32775
semantic,1,fatex_33,1,0.24180,0.24874
semantic,1,fatex_34,0,,1.00003
semantic,1,fatex_35,1,0.00049,0.00054
semantic,1,fatex_36,1,0.66649,0.69295
semantic,1,fatex_37,1,0.66465,0.66606
semantic,1,fatex_38,1,0.16319,0.16736
semantic,1,fatex_39,1,0.12060,0.12379
semantic,1,fatex_40,1,0.05312,0.05480
semantic,1,fatex_41,1,0.72583,0.72960
semantic,1,fatex_42,1,0.20593,0.20895
semantic,1,fatex_43,0,,0.04966
semantic,1,fatex_44,0,,1.00010
semantic,1,fatex_45,1,0.24321,0.24669
semantic,1,fatex_46,1,0.02175,0.02293
semantic,1,fatex_47,0,,1.00021
semantic,1,fatex_48,1,0.06159,0.06343
semantic,1,fatex_49,1,0.03533,0.03764
semantic,1,fatex_50,1,0.40170,0.40779
semantic,1,fatex_51,1,0.05350,0.05621
semantic,1,fatex_52,1,0.02104,0.02190
semantic,1,fatex_53,1,0.98425,0.98638
semantic,1,fatex_54,1,0.04502,0.04649
semantic,1,fatex_55,1,0.08630,0.09044
semantic,1,fatex_56,0,,0.28462
semantic,1,fatex_57,1,0.07836,0.08004
semantic,1,fatex_58,1,0.29712,0.30198
semantic,1,fatex_59,1,0.05719,0.06050
semantic,1,fatex_61,0,,0.49323
semantic,1,fatex_62,0,,0.72750
semantic,1,fatex_64,0,,0.72985
semantic,1,fatex_65,0,,0.46054
semantic,1,fatex_66,0,,0.19550
semantic,1,fatex_67,1,0.05787,0.05986
semantic,1,fatex_68,0,,1.00087
semantic,1,fatex_69,1,0.17518,0.17940
semantic,1,fatex_70,1,0.01699,0.01793
semantic,1,fatex_71,0,,0.38885
semantic,1,fatex_72,0,,0.41414
semantic,1,fatex_73,0,,0.08369
semantic,1,fatex_74,0,,0.04858
semantic,1,fatex_76,1,0.09309,0.09691
semantic,1,fatex_78,0,,0.13426
semantic,1,fatex_79,0,,0.14642
semantic,1,fatex_80,0,,0.07018
semantic,1,fatex_82,0,,0.13388
semantic,1,fatex_83,1,0.17416,0.17688
semantic,1,fatex_84,1,0.05916,0.06069
semantic,1,fatex_85,0,,0.42351
semantic,1,fatex_86,0,,0.48831
semantic,1,fatex_87,0,,0.16279
semantic,1,fatex_88,0,,0.18566
semantic,1,fatex_89,1,0.13263,0.13604
semantic,1,fatex_90,0,,0.78355
semantic,1,fatex_91,0,,0.59316
semantic,1,fatex_92,0,,0.10245
semantic,1,fatex_93,0,,0.07972
semantic,1,fatex_94,0,,0.04907
semantic,1,fatex_95,0,,1.01345
semantic,1,fatex_96,0,,0.08729
semantic,1,fatex_97,0,,1.00170
semantic,1,fatex_98,0,,1.00119
semantic,1,fatex_100,0,,0.16339
snippetonly,1,fatex_1,1,0.06793,0.07010
snippetonly,1,fatex_3,1,0.20507,0.20841
snippetonly,1,fatex_4,1,0.11595,0.11822
snippetonly,1,fatex_5,1,0.15504,0.15758
snippetonly,1,fatex_6,1,0.16841,0.17241
snippetonly,1,fatex_7,1,0.06607,0.06690
snippetonly,1,fatex_8,1,0.04488,0.04668
snippetonly,1,fatex_9,1,0.04743,0.04904
snippetonly,1,fatex_10,1,0.71050,0.71095
snippetonly,1,fatex_11,1,0.20236,0.20693
snippetonly,1,fatex_12,1,0.37861,0.38468
snippetonly,1,fatex_14,1,0.02339,0.02386
snippetonly,1,fatex_16,1,0.21343,0.21876
snippetonly,1,fatex_17,0,,0.87873
snippetonly,1,fatex_18,0,,1.01481
snippetonly,1,fatex_19,1,0.77865,0.78035
snippetonly,1,fatex_20,0,,0.50501
snippetonly,1,fatex_21,1,0.04951,0.05093
snippetonly,1,fatex_22,1,0.03631,0.03765
snippetonly,1,fatex_24,0,,0.60711
snippetonly,1,fatex_25,0,,1.00106
snippetonly,1,fatex_26,1,0.86397,0.86733
snippetonly,1,fatex_27,1,0.55449,0.55516
snippetonly,1,fatex_28,0,,0.22277
snippetonly,1,fatex_29,1,0.03481,0.03593
snippetonly,1,fatex_30,1,0.02736,0.02841
snippetonly,1,fatex_31,0,,1.00121
snippetonly,1,fatex_32,0,,0.25470
snippetonly,1,fatex_33,0,,0.68650
snippetonly,1,fatex_34,0,,1.00045
snippetonly,1,fatex_35,1,0.04085,0.04145
snippetonly,1,fatex_36,1,0.34532,0.34915
snippetonly,1,fatex_37,1,0.93337,0.93630
snippetonly,1,fatex_38,1,0.25936,0.26422
snippetonly,1,fatex_39,0,,0.43565
snippetonly,1,fatex_40,1,0.33792,0.35147
snippetonly,1,fatex_41,1,0.64383,0.64722
snippetonly,1,fatex_42,1,0.82657,0.82850
snippetonly,1,fatex_43,0,,0.06008
snippetonly,1,fatex_44,0,,0.86491
snippetonly,1,fatex_45,1,0.78611,0.79380
snippetonly,1,fatex_46,1,0.08965,0.09322
snippetonly,1,fatex_47,1,0.95158,0.95504
snippetonly,1,fatex_48,1,0.05412,0.05666
snippetonly,1,fatex_49,1,0.03153,0.03289
snippetonly,1,fatex_50,0,,1.00033
snippetonly,1,fatex_51,1,0.06302,0.06477
snippetonly,1,fatex_52,1,0.06206,0.06387
snippetonly,1,fatex_53,1,0.25819,0.26454
snippetonly,1,fatex_54,1,0.02957,0.03000
snippetonly,1,fatex_55,1,0.11222,0.11471
snippetonly,1,fatex_56,0,,0.94348
snippetonly,1,fatex_57,1,0.05894,0.06133
snippetonly,1,fatex_58,1,0.37518,0.38096
snippetonly,1,fatex_59,1,0.04644,0.04769
snippetonly,1,fatex_61,0,,0.43589
snippetonly,1,fatex_62,0,,1.00098
snippetonly,1,fatex_64,0,,0.90011
snippetonly,1,fatex_65,0,,0.76336
snippetonly,1,fatex_66,0,,0.41607
snippetonly,1,fatex_67,1,0.73307,0.73881
snippetonly,1,fatex_68,0,,0.20272
snippetonly,1,fatex_69,1,0.12230,0.12565
snippetonly,1,fatex_70,1,0.01427,0.01460
snippetonly,1,fatex_71,0,,0.04032
snippetonly,1,fatex_72,0,,0.11751
snippetonly,1,fatex_73,0,,0.33065
snippetonly,1,fatex_74,0,,0.07489
snippetonly,1,fatex_76,1,0.20039,0.20325
snippetonly,1,fatex_78,0,,0.07706
snippetonly,1,fatex_79,0,,0.10763
snippetonly,1,fatex_80,0,,0.11559
snippetonly,1,fatex_82,0,,0.05167
snippetonly,1,fatex_83,1,0.18262,0.18675
snippetonly,1,fatex_84,1,0.04405,0.05021
snippetonly,1,fatex_85,0,,0.13908
snippetonly,1,fatex_86,0,,0.39545
snippetonly,1,fatex_87,0,,0.15682
snippetonly,1,fatex_88,0,,0.19695
snippetonly,1,fatex_89,1,0.23195,0.23692
snippetonly,1,fatex_90,0,,1.00257
snippetonly,1,fatex_91,0,,0.41260
snippetonly,1,fatex_92,0,,0.68285
snippetonly,1,fatex_93,0,,0.03336
snippetonly,1,fatex_94,0,,0.13956
snippetonly,1,fatex_95,0,,1.00116
snippetonly,1,fatex_96,0,,1.01221
snippetonly,1,fatex_97,0,,1.00024
snippetonly,1,fatex_98,0,,0.38708
snippetonly,1,fatex_100,0,,0.67066
snippetonly,2,fatex_1,1,0.03555,0.03724
snippetonly,2,fatex_3,1,0.12265,0.12496
snippetonly,2,fatex_4,1,0.09538,0.09787
snippetonly,2,fatex_5,1,0.07787,0.07970
snippetonly,2,fatex_6,1,0.78199,0.79861
snippetonly,2,fatex_7,1,0.06684,0.06971
snippetonly,2,fatex_8,1,0.05064,0.05193
snippetonly,2,fatex_9,1,0.14249,0.14636
snippetonly,2,fatex_10,1,0.34450,0.34878
snippetonly,2,fatex_11,1,0.22732,0.23174
snippetonly,2,fatex_12,1,0.28459,0.28991
snippetonly,2,fatex_14,1,0.03927,0.04031
snippetonly,2,fatex_16,1,0.27131,0.27701
snippetonly,2,fatex_17,0,,1.08731
snippetonly,2,fatex_18,0,,0.69346
snippetonly,2,fatex_19,0,,1.00072
snippetonly,2,fatex_20,1,0.34786,0.35459
snippetonly,2,fatex_21,1,0.05459,0.05592
snippetonly,2,fatex_22,1,0.24541,0.25112
snippetonly,2,fatex_24,0,,1.00301
snippetonly,2,fatex_25,0,,1.03785
snippetonly,2,fatex_26,1,0.58712,0.58811
snippetonly,2,fatex_27,1,0.57721,0.57779
snippetonly,2,fatex_28,0,,0.24878
snippetonly,2,fatex_29,1,0.03517,0.03617
snippetonly,2,fatex_30,1,0.02828,0.02871
snippetonly,2,fatex_31,0,,0.85406
snippetonly,2,fatex_32,0,,0.28595
snippetonly,2,fatex_33,1,0.62834,0.63004
snippetonly,2,fatex_34,0,,0.85116
snippetonly,2,fatex_35,1,0.03763,0.03915
snippetonly,2,fatex_36,1,0.24511,0.25340
snippetonly,2,fatex_37,0,,0.89411
snippetonly,2,fatex_38,1,0.09128,0.09223
snippetonly,2,fatex_39,1,0.08330,0.08502
snippetonly,2,fatex_40,1,0.24890,0.25411
snippetonly,2,fatex_41,0,,1.00012
snippetonly,2,fatex_42,1,0.25736,0.26213
snippetonly,2,fatex_43,0,,0.05785
snippetonly,2,fatex_44,0,,1.00091
snippetonly,2,fatex_45,0,,0.65074
snippetonly,2,fatex_46,1,0.32803,0.33374
snippetonly,2,fatex_47,0,,1.00091
snippetonly,2,fatex_48,1,0.06506,0.06722
snippetonly,2,fatex_49,1,0.02878,0.03085
snippetonly,2,fatex_50,1,0.84950,0.85268
snippetonly,2,fatex_51,1,0.04933,0.05156
snippetonly,2,fatex_52,1,0.05748,0.06415
snippetonly,2,fatex_53,1,0.60231,0.61175
snippetonly,2,fatex_54,1,0.03069,0.03122
snippetonly,2,fatex_55,1,0.15709,0.16233
snippetonly,2,fatex_56,0,,0.31269
snippetonly,2,fatex_57,1,0.06276,0.06483
snippetonly,2,fatex_58,1,0.41980,0.43303
snippetonly,2,fatex_59,1,0.08953,0.09222
snippetonly,2,fatex_61,0,,0.64688
snippetonly,2,fatex_62,0,,0.72089
snippetonly,2,fatex_64,0,,0.13210
snippetonly,2,fatex_65,0,,0.55697
snippetonly,2,fatex_66,0,,0.24013
snippetonly,2,fatex_67,1,0.09152,0.09252
snippetonly,2,fatex_68,1,0.23605,0.23952
snippetonly,2,fatex_69,0,,1.00219
snippetonly,2,fatex_70,1,0.01173,0.01204
snippetonly,2,fatex_71,0,,0.03727
snippetonly,2,fatex_72,0,,0.11723
snippetonly,2,fatex_73,0,,0.12924
snippetonly,2,fatex_74,0,,0.15394
snippetonly,2,fatex_76,1,0.17626,0.18575
snippetonly,2,fatex_78,0,,0.06331
snippetonly,2,fatex_79,0,,0.14671
snippetonly,2,fatex_80,0,,0.12026
snippetonly,2,fatex_82,0,,0.13841
snippetonly,2,fatex_83,1,0.11616,0.12008
snippetonly,2,fatex_84,1,0.15259,0.15587
snippetonly,2,fatex_85,0,,0.17714
snippetonly,2,fatex_86,0,,0.41437
snippetonly,2,fatex_87,0,,0.97053
snippetonly,2,fatex_88,0,,0.28447
snippetonly,2,fatex_89,1,0.22545,0.23362
snippetonly,2,fatex_90,0,,0.80886
snippetonly,2,fatex_91,1,0.93649,0.93960
snippetonly,2,fatex_92,0,,0.05660
snippetonly,2,fatex_93,0,,0.13195
snippetonly,2,fatex_94,0,,0.13336
snippetonly,2,fatex_95,0,,1.00382
snippetonly,2,fatex_96,0,,0.37837
snippetonly,2,fatex_97,0,,1.00146
snippetonly,2,fatex_98,0,,0.52719
snippetonly,2,fatex_100,0,,0.93924
snippet,1,fatex_1,1,0.05551,0.05619
snippet,1,fatex_3,1,0.16253,0.16720
snippet,1,fatex_4,1,0.08240,0.08448
snippet,1,fatex_5,1,0.09407,0.09638
snippet,1,fatex_6,1,0.07635,0.07860
snippet,1,fatex_7,1,0.03031,0.03124
snippet,1,fatex_8,1,0.02526,0.02574
snippet,1,fatex_9,1,0.12513,0.12816
snippet,1,fatex_10,1,0.39784,0.40531
snippet,1,fatex_11,1,0.19103,0.19646
snippet,1,fatex_12,1,0.36677,0.37481
snippet,1,fatex_14,1,0.03367,0.03417
snippet,1,fatex_16,1,0.24110,0.24787
snippet,1,fatex_17,1,0.77757,0.77805
snippet,1,fatex_18,0,,0.85094
snippet,1,fatex_19,0,,1.00187
snippet,1,fatex_20,0,,1.00040
snippet,1,fatex_21,1,0.03604,0.03720
snippet,1,fatex_22,1,0.05541,0.05704
snippet,1,fatex_24,0,,1.00283
snippet,1,fatex_25,1,0.80878,0.81261
snippet,1,fatex_26,1,0.29548,0.30240
snippet,1,fatex_27,1,0.13135,0.13588
snippet,1,fatex_28,0,,0.32386
snippet,1,fatex_29,1,0.05912,0.06062
snippet,1,fatex_30,1,0.03099,0.03206
snippet,1,fatex_31,0,,1.00159
snippet,1,fatex_32,0,,0.29464
snippet,1,fatex_33,0,,0.89430
snippet,1,fatex_34,1,0.55523,0.55564
snippet,1,fatex_35,1,0.00372,0.00382
snippet,1,fatex_36,1,0.10639,0.10832
snippet,1,fatex_37,0,,1.00151
snippet,1,fatex_38,1,0.28092,0.28621
snippet,1,fatex_39,1,0.15379,0.15691
snippet,1,fatex_40,1,0.06072,0.06251
snippet,1,fatex_41,1,0.78574,0.78774
snippet,1,fatex_42,1,0.31141,0.31507
snippet,1,fatex_43,0,,0.05000
snippet,1,fatex_44,0,,1.00118
snippet,1,fatex_45,0,,1.00041
snippet,1,fatex_46,1,0.01849,0.01892
snippet,1,fatex_47,1,0.56414,0.57143
snippet,1,fatex_48,1,0.07426,0.07932
snippet,1,fatex_49,1,0.04183,0.04248
snippet,1,fatex_50,1,0.61537,0.61618
snippet,1,fatex_51,1,0.04355,0.04499
snippet,1,fatex_52,1,0.05439,0.05524
snippet,1,fatex_53,1,0.94435,0.94834
snippet,1,fatex_54,1,0.02663,0.02717
snippet,1,fatex_55,1,0.10901,0.11468
snippet,1,fatex_56,0,,0.82323
snippet,1,fatex_57,1,0.11071,0.11330
snippet,1,fatex_58,1,0.66263,0.67097
snippet,1,fatex_59,1,0.05923,0.06056
snippet,1,fatex_61,1,0.34345,0.35047
snippet,1,fatex_62,0,,0.52103
snippet,1,fatex_64,1,0.84718,0.84864
snippet,1,fatex_65,0,,0.19269
snippet,1,fatex_66,1,0.64421,0.64467
snippet,1,fatex_67,1,0.68368,0.68529
snippet,1,fatex_68,1,0.20008,0.20582
snippet,1,fatex_69,1,0.11674,0.12042
snippet,1,fatex_70,1,0.00780,0.00807
snippet,1,fatex_71,0,,0.02762
snippet,1,fatex_72,0,,0.16595
snippet,1,fatex_73,0,,0.32032
snippet,1,fatex_74,0,,0.10072
snippet,1,fatex_76,1,0.09253,0.09363
snippet,1,fatex_78,0,,0.13771
snippet,1,fatex_79,0,,0.12656
snippet,1,fatex_80,0,,0.13473
snippet,1,fatex_82,0,,0.07113
snippet,1,fatex_83,1,0.14151,0.14644
snippet,1,fatex_84,1,0.04751,0.04825
snippet,1,fatex_85,0,,0.28938
snippet,1,fatex_86,0,,0.39123
snippet,1,fatex_87,0,,0.41827
snippet,1,fatex_88,0,,0.61619
snippet,1,fatex_89,1,0.17018,0.17452
snippet,1,fatex_90,0,,0.34796
snippet,1,fatex_91,0,,1.00250
snippet,1,fatex_92,0,,0.07071
snippet,1,fatex_93,0,,0.69059
snippet,1,fatex_94,0,,0.07275
snippet,1,fatex_95,0,,1.00066
snippet,1,fatex_96,0,,0.32045
snippet,1,fatex_97,0,,0.32727
snippet,1,fatex_98,0,,0.47561
snippet,1,fatex_100,0,,0.28563
snippet,2,fatex_1,1,0.06783,0.06866
snippet,2,fatex_3,1,0.07960,0.08152
snippet,2,fatex_4,1,0.13637,0.13905
snippet,2,fatex_5,1,0.03931,0.04037
snippet,2,fatex_6,1,0.03918,0.03982
snippet,2,fatex_7,1,0.02395,0.02439
snippet,2,fatex_8,1,0.04745,0.04896
snippet,2,fatex_9,1,0.16546,0.16864
snippet,2,fatex_10,1,0.38768,0.40016
snippet,2,fatex_11,1,0.21497,0.21999
snippet,2,fatex_12,1,0.51513,0.52217
snippet,2,fatex_14,1,0.04849,0.04923
snippet,2,fatex_16,1,0.44820,0.45458
snippet,2,fatex_17,0,,1.03174
snippet,2,fatex_18,0,,1.00036
snippet,2,fatex_19,1,0.84072,0.84214
snippet,2,fatex_20,1,0.26232,0.26975
snippet,2,fatex_21,1,0.03889,0.04022
snippet,2,fatex_22,1,0.03742,0.03866
snippet,2,fatex_24,1,0.24433,0.24978
snippet,2,fatex_25,1,0.96881,0.97070
snippet,2,fatex_26,1,0.28144,0.29049
snippet,2,fatex_27,1,0.12406,0.12753
snippet,2,fatex_28,0,,1.00055
snippet,2,fatex_29,1,0.04931,0.05080
snippet,2,fatex_30,1,0.02308,0.02407
snippet,2,fatex_31,0,,0.88615
snippet,2,fatex_32,0,,0.43404
snippet,2,fatex_33,0,,1.00058
snippet,2,fatex_34,1,0.36172,0.37027
snippet,2,fatex_35,1,0.00073,0.00080
snippet,2,fatex_36,1,0.08838,0.09032
snippet,2,fatex_37,0,,1.00743
snippet,2,fatex_38,1,0.05133,0.05250
snippet,2,fatex_39,1,0.75173,0.75344
snippet,2,fatex_40,1,0.07259,0.07412
snippet,2,fatex_41,0,,0.99090
snippet,2,fatex_42,1,0.28914,0.29106
snippet,2,fatex_43,0,,0.03887
snippet,2,fatex_44,0,,1.00083
snippet,2,fatex_45,0,,0.58266
snippet,2,fatex_46,1,0.05467,0.05599
snippet,2,fatex_47,0,,0.64871
snippet,2,fatex_48,1,0.09445,0.09735
snippet,2,fatex_49,1,0.03160,0.03277
snippet,2,fatex_50,1,0.46139,0.46848
snippet,2,fatex_51,1,0.06248,0.06437
snippet,2,fatex_52,1,0.05322,0.05387
snippet,2,fatex_53,1,0.96668,0.96756
snippet,2,fatex_54,1,0.01714,0.01800
snippet,2,fatex_55,1,0.11482,0.11868
snippet,2,fatex_56,0,,0.08943
snippet,2,fatex_57,1,0.13409,0.13776
snippet,2,fatex_58,1,0.44486,0.45238
snippet,2,fatex_59,1,0.09199,0.09417
snippet,2,fatex_61,1,0.34309,0.34742
snippet,2,fatex_62,0,,0.71516
snippet,2,fatex_64,1,0.72001,0.72096
snippet,2,fatex_65,0,,0.59723
snippet,2,fatex_66,0,,0.17828
snippet,2,fatex_67,1,0.11740,0.12077
snippet,2,fatex_68,1,0.13782,0.14286
snippet,2,fatex_69,1,0.09209,0.09599
snippet,2,fatex_70,1,0.02202,0.02238
snippet,2,fatex_71,0,,0.25560
snippet,2,fatex_72,0,,0.33675
snippet,2,fatex_73,0,,0.05032
snippet,2,fatex_74,0,,0.11521
snippet,2,fatex_76,1,0.10857,0.11220
snippet,2,fatex_78,0,,0.11112
snippet,2,fatex_79,0,,0.13637
snippet,2,fatex_80,0,,0.18759
snippet,2,fatex_82,0,,0.04550
snippet,2,fatex_83,1,0.12035,0.12275
snippet,2,fatex_84,1,0.06913,0.07063
snippet,2,fatex_85,0,,0.18181
snippet,2,fatex_86,0,,0.46606
snippet,2,fatex_87,0,,0.62221
snippet,2,fatex_88,0,,0.58389
snippet,2,fatex_89,1,0.17496,0.17795
snippet,2,fatex_90,0,,0.74396
snippet,2,fatex_91,0,,1.00187
snippet,2,fatex_92,0,,0.12762
snippet,2,fatex_93,0,,0.42891
snippet,2,fatex_94,0,,0.37436
snippet,2,fatex_95,0,,0.53821
snippet,2,fatex_96,0,,0.40821
snippet,2,fatex_97,0,,0.39684
snippet,2,fatex_98,0,,0.73604
snippet,2,fatex_100,0,,0.43255
spawn,1,fatex_1,1,0.04226,0.04291
spawn,1,fatex_3,1,0.07824,0.08128
spawn,1,fatex_4,1,0.12399,0.12738
spawn,1,fatex_5,1,0.04591,0.04664
spawn,1,fatex_6,1,0.04751,0.04903
spawn,1,fatex_7,1,0.02244,0.02287
spawn,1,fatex_8,1,0.02316,0.02404
spawn,1,fatex_9,1,0.05956,0.06029
spawn,1,fatex_10,1,0.26189,0.26739
spawn,1,fatex_11,1,0.14847,0.15242
spawn,1,fatex_12,1,0.30228,0.30983
spawn,1,fatex_14,1,0.03179,0.03233
spawn,1,fatex_16,1,0.14904,0.15765
spawn,1,fatex_17,1,0.81318,0.81437
spawn,1,fatex_18,0,,1.00024
spawn,1,fatex_19,0,,1.00030
spawn,1,fatex_20,1,0.30041,0.30595
spawn,1,fatex_21,1,0.21299,0.22109
spawn,1,fatex_22,1,0.03338,0.03457
spawn,1,fatex_24,1,0.23363,0.23918
spawn,1,fatex_25,0,,1.00042
spawn,1,fatex_26,1,0.42017,0.42475
spawn,1,fatex_27,1,0.12533,0.12886
spawn,1,fatex_28,0,,0.21719
spawn,1,fatex_29,1,0.04800,0.04863
spawn,1,fatex_30,1,0.04359,0.04495
spawn,1,fatex_31,0,,1.00026
spawn,1,fatex_32,0,,0.36569
spawn,1,fatex_33,0,,1.00486
spawn,1,fatex_34,1,0.33174,0.33768
spawn,1,fatex_35,1,0.00077,0.00084
spawn,1,fatex_36,1,0.11494,0.11712
spawn,1,fatex_37,1,0.86425,0.86609
spawn,1,fatex_38,1,0.13341,0.13469
spawn,1,fatex_39,1,0.09757,0.09964
spawn,1,fatex_40,1,0.06948,0.07098
spawn,1,fatex_41,1,0.45672,0.46092
spawn,1,fatex_42,1,0.29868,0.30565
spawn,1,fatex_43,0,,0.13393
spawn,1,fatex_44,0,,1.00147
spawn,1,fatex_45,1,0.16650,0.17792
spawn,1,fatex_46,1,0.02183,0.02234
spawn,1,fatex_47,0,,1.00074
spawn,1,fatex_48,1,0.06741,0.06915
spawn,1,fatex_49,1,0.02767,0.02888
spawn,1,fatex_50,0,,1.00206
spawn,1,fatex_51,1,0.05587,0.05730
spawn,1,fatex_52,1,0.04304,0.04375
spawn,1,fatex_53,0,,1.00117
spawn,1,fatex_54,1,0.02552,0.02595
spawn,1,fatex_55,1,0.12388,0.12726
spawn,1,fatex_56,0,,0.17001
spawn,1,fatex_57,1,0.19935,0.20082
spawn,1,fatex_58,1,0.58929,0.59696
spawn,1,fatex_59,1,0.06544,0.06703
spawn,1,fatex_61,1,0.81943,0.82156
spawn,1,fatex_62,0,,1.00136
spawn,1,fatex_64,0,,1.00090
spawn,1,fatex_65,0,,0.04879
spawn,1,fatex_66,0,,0.26809
spawn,1,fatex_67,1,0.10824,0.11047
spawn,1,fatex_68,1,0.20332,0.20788
spawn,1,fatex_69,1,0.79570,0.79874
spawn,1,fatex_70,1,0.00670,0.00688
spawn,1,fatex_71,0,,0.16047
spawn,1,fatex_72,0,,1.00041
spawn,1,fatex_73,0,,1.04243
spawn,1,fatex_74,0,,0.46378
spawn,1,fatex_76,1,0.11150,0.11433
spawn,1,fatex_78,0,,0.18033
spawn,1,fatex_79,0,,0.13390
spawn,1,fatex_80,0,,1.00072
spawn,1,fatex_82,0,,0.24514
spawn,1,fatex_83,1,0.12366,0.13494
spawn,1,fatex_84,1,0.06041,0.06124
spawn,1,fatex_85,0,,0.54193
spawn,1,fatex_86,0,,0.82808
spawn,1,fatex_87,0,,0.50587
spawn,1,fatex_88,0,,1.00275
spawn,1,fatex_89,1,0.10551,0.10778
spawn,1,fatex_90,0,,1.00105
spawn,1,fatex_91,1,0.75389,0.75461
spawn,1,fatex_92,0,,0.11078
spawn,1,fatex_93,0,,0.56754
spawn,1,fatex_94,0,,0.04438
spawn,1,fatex_95,0,,1.00114
spawn,1,fatex_96,0,,0.18519
spawn,1,fatex_97,0,,0.39484
spawn,1,fatex_98,0,,0.36826
spawn,1,fatex_100,0,,0.53384
spawnfacts,1,fatex_1,1,0.05457,0.05640
spawnfacts,1,fatex_3,1,0.06470,0.06625
spawnfacts,1,fatex_4,1,0.11325,0.11550
spawnfacts,1,fatex_5,1,0.10908,0.11121
spawnfacts,1,fatex_6,1,0.06814,0.07060
spawnfacts,1,fatex_7,1,0.02841,0.02884
spawnfacts,1,fatex_8,1,0.03450,0.03617
spawnfacts,1,fatex_9,1,0.04066,0.04126
spawnfacts,1,fatex_10,1,0.50847,0.51103
spawnfacts,1,fatex_11,1,0.17247,0.17566
spawnfacts,1,fatex_12,1,0.35742,0.36135
spawnfacts,1,fatex_14,1,0.03448,0.03589
spawnfacts,1,fatex_16,1,0.46573,0.47130
spawnfacts,1,fatex_17,1,0.57147,0.57571
spawnfacts,1,fatex_18,0,,1.00691
spawnfacts,1,fatex_19,0,,1.01897
spawnfacts,1,fatex_20,1,0.20357,0.21499
spawnfacts,1,fatex_21,1,0.03257,0.03358
spawnfacts,1,fatex_22,1,0.03200,0.03333
spawnfacts,1,fatex_24,1,0.40451,0.40910
spawnfacts,1,fatex_25,0,,1.00029
spawnfacts,1,fatex_26,1,0.43320,0.45251
spawnfacts,1,fatex_27,1,0.13300,0.13543
spawnfacts,1,fatex_28,0,,1.00302
spawnfacts,1,fatex_29,1,0.04079,0.04212
spawnfacts,1,fatex_30,1,0.02743,0.02845
spawnfacts,1,fatex_31,0,,1.04626
spawnfacts,1,fatex_32,0,,0.30779
spawnfacts,1,fatex_33,1,0.14446,0.14757
spawnfacts,1,fatex_34,0,,0.46568
spawnfacts,1,fatex_35,1,0.00083,0.00088
spawnfacts,1,fatex_36,1,0.11825,0.12058
spawnfacts,1,fatex_37,0,,1.00056
spawnfacts,1,fatex_38,1,0.08972,0.09171
spawnfacts,1,fatex_39,1,0.05983,0.06062
spawnfacts,1,fatex_40,1,0.06676,0.06930
spawnfacts,1,fatex_41,0,,0.68253
spawnfacts,1,fatex_42,1,0.49785,0.50287
spawnfacts,1,fatex_43,0,,0.04255
spawnfacts,1,fatex_44,0,,1.00090
spawnfacts,1,fatex_45,1,0.53004,0.53606
spawnfacts,1,fatex_46,1,0.02227,0.02272
spawnfacts,1,fatex_47,0,,1.00109
spawnfacts,1,fatex_48,1,0.05859,0.06021
spawnfacts,1,fatex_49,1,0.03130,0.03185
spawnfacts,1,fatex_50,0,,1.00129
spawnfacts,1,fatex_51,1,0.05302,0.05468
spawnfacts,1,fatex_52,1,0.06191,0.06368
spawnfacts,1,fatex_53,1,0.40017,0.40885
spawnfacts,1,fatex_54,1,0.03385,0.03490
spawnfacts,1,fatex_55,1,0.11583,0.11934
spawnfacts,1,fatex_56,0,,1.00373
spawnfacts,1,fatex_57,1,0.16531,0.16667
spawnfacts,1,fatex_58,1,0.40026,0.40910
spawnfacts,1,fatex_59,1,0.07184,0.07361
spawnfacts,1,fatex_61,1,0.64920,0.65871
spawnfacts,1,fatex_62,0,,1.00014
spawnfacts,1,fatex_64,1,0.40326,0.43011
spawnfacts,1,fatex_65,0,,1.00041
spawnfacts,1,fatex_66,1,0.99959,1.00101
spawnfacts,1,fatex_67,1,0.68494,0.69004
spawnfacts,1,fatex_68,1,0.62405,0.62491
spawnfacts,1,fatex_69,1,0.13178,0.13537
spawnfacts,1,fatex_70,1,0.03668,0.03773
spawnfacts,1,fatex_71,0,,1.00011
spawnfacts,1,fatex_72,0,,1.00114
spawnfacts,1,fatex_73,0,,1.00030
spawnfacts,1,fatex_74,0,,1.00155
spawnfacts,1,fatex_76,1,0.12123,0.12501
spawnfacts,1,fatex_78,0,,1.00222
spawnfacts,1,fatex_79,0,,0.21330
spawnfacts,1,fatex_80,0,,1.00160
spawnfacts,1,fatex_82,0,,0.27346
spawnfacts,1,fatex_83,1,0.15850,0.16100
spawnfacts,1,fatex_84,1,0.06395,0.06549
spawnfacts,1,fatex_85,0,,0.40675
spawnfacts,1,fatex_86,0,,1.00086
spawnfacts,1,fatex_87,0,,1.10416
spawnfacts,1,fatex_88,0,,1.00123
spawnfacts,1,fatex_89,1,0.37194,0.37844
spawnfacts,1,fatex_90,0,,1.07781
spawnfacts,1,fatex_91,1,0.92236,0.92993
spawnfacts,1,fatex_92,0,,0.27578
spawnfacts,1,fatex_93,0,,1.00127
spawnfacts,1,fatex_94,0,,0.06444
spawnfacts,1,fatex_95,1,0.93632,0.93755
spawnfacts,1,fatex_96,0,,1.00167
spawnfacts,1,fatex_97,0,,1.00393
spawnfacts,1,fatex_98,0,,0.75044
spawnfacts,1,fatex_100,0,,0.94930
snippetfacts,1,fatex_1,1,0.07095,0.07175
snippetfacts,1,fatex_3,1,0.15783,0.16080
snippetfacts,1,fatex_4,1,0.09233,0.09426
snippetfacts,1,fatex_5,1,0.06332,0.06478
snippetfacts,1,fatex_6,1,0.10547,0.10829
snippetfacts,1,fatex_7,1,0.07319,0.07474
snippetfacts,1,fatex_8,1,0.04487,0.04680
snippetfacts,1,fatex_9,1,0.03814,0.03964
snippetfacts,1,fatex_10,1,0.75797,0.75997
snippetfacts,1,fatex_11,1,0.25637,0.26008
snippetfacts,1,fatex_12,1,0.64350,0.65171
snippetfacts,1,fatex_14,1,0.02448,0.02486
snippetfacts,1,fatex_16,1,0.18545,0.19075
snippetfacts,1,fatex_17,0,,1.00479
snippetfacts,1,fatex_18,0,,1.00034
snippetfacts,1,fatex_19,1,0.50922,0.52200
snippetfacts,1,fatex_20,1,0.96797,0.97745
snippetfacts,1,fatex_21,1,0.11607,0.11954
snippetfacts,1,fatex_22,1,0.02466,0.02563
snippetfacts,1,fatex_24,1,0.38270,0.38716
snippetfacts,1,fatex_25,0,,1.00002
snippetfacts,1,fatex_26,1,0.25009,0.25331
snippetfacts,1,fatex_27,1,0.20070,0.20530
snippetfacts,1,fatex_28,0,,1.06705
snippetfacts,1,fatex_29,1,0.03065,0.03173
snippetfacts,1,fatex_30,1,0.02965,0.03064
snippetfacts,1,fatex_31,0,,1.02180
snippetfacts,1,fatex_32,1,0.54259,0.55569
snippetfacts,1,fatex_33,0,,1.03414
snippetfacts,1,fatex_34,1,0.74517,0.74821
snippetfacts,1,fatex_35,1,0.00108,0.00115
snippetfacts,1,fatex_36,1,0.09856,0.10065
snippetfacts,1,fatex_37,0,,1.10202
snippetfacts,1,fatex_38,1,0.08431,0.08719
snippetfacts,1,fatex_39,1,0.23910,0.24291
snippetfacts,1,fatex_40,1,0.10584,0.10913
snippetfacts,1,fatex_41,0,,1.00024
snippetfacts,1,fatex_42,1,0.40314,0.41278
snippetfacts,1,fatex_43,0,,0.11904
snippetfacts,1,fatex_44,0,,0.65570
snippetfacts,1,fatex_45,0,,1.00055
snippetfacts,1,fatex_46,1,0.02102,0.02179
snippetfacts,1,fatex_47,1,0.56992,0.57237
snippetfacts,1,fatex_48,1,0.05110,0.05176
snippetfacts,1,fatex_49,1,0.03241,0.03369
snippetfacts,1,fatex_50,1,0.49971,0.50444
snippetfacts,1,fatex_51,1,0.05208,0.05403
snippetfacts,1,fatex_52,1,0.04252,0.04392
snippetfacts,1,fatex_53,1,0.56678,0.56785
snippetfacts,1,fatex_54,1,0.01859,0.01894
snippetfacts,1,fatex_55,1,0.12503,0.12990
snippetfacts,1,fatex_56,0,,0.40376
snippetfacts,1,fatex_57,1,0.11367,0.11582
snippetfacts,1,fatex_58,0,,0.50215
snippetfacts,1,fatex_59,1,0.04853,0.05034
snippetfacts,1,fatex_61,0,,1.00145
snippetfacts,1,fatex_62,0,,0.58210
snippetfacts,1,fatex_64,1,0.51084,0.51559
snippetfacts,1,fatex_65,0,,0.65022
snippetfacts,1,fatex_66,1,0.59774,0.59941
snippetfacts,1,fatex_67,1,0.09967,0.10303
snippetfacts,1,fatex_68,1,0.23192,0.24004
snippetfacts,1,fatex_69,1,0.12148,0.12512
snippetfacts,1,fatex_70,1,0.03050,0.03099
snippetfacts,1,fatex_71,0,,0.08962
snippetfacts,1,fatex_72,0,,0.49257
snippetfacts,1,fatex_73,0,,1.00380
snippetfacts,1,fatex_74,0,,0.21261
snippetfacts,1,fatex_76,1,0.13564,0.13999
snippetfacts,1,fatex_78,0,,0.19723
snippetfacts,1,fatex_79,0,,0.14621
snippetfacts,1,fatex_80,0,,0.08174
snippetfacts,1,fatex_82,0,,0.13195
snippetfacts,1,fatex_83,1,0.72811,0.72919
snippetfacts,1,fatex_84,1,0.07522,0.07688
snippetfacts,1,fatex_85,0,,0.35036
snippetfacts,1,fatex_86,0,,0.73155
snippetfacts,1,fatex_87,0,,0.40698
snippetfacts,1,fatex_88,0,,0.28421
snippetfacts,1,fatex_89,1,0.38721,0.39356
snippetfacts,1,fatex_90,0,,0.92331
snippetfacts,1,fatex_91,0,,0.86430
snippetfacts,1,fatex_92,0,,0.04214
snippetfacts,1,fatex_93,0,,0.08839
snippetfacts,1,fatex_94,0,,0.16327
snippetfacts,1,fatex_95,0,,0.52792
snippetfacts,1,fatex_96,0,,0.92480
snippetfacts,1,fatex_97,0,,0.37986
snippetfacts,1,fatex_98,0,,1.09334
snippetfacts,1,fatex_100,0,,0.31614
